Timing Analyzer report for de10nano_top
Tue Sep 29 18:35:57 2026
Quartus Prime Version 25.1std.0 Build 1129 10/21/2025 SC Standard Edition


---------------------
; Table of Contents ;
---------------------
  1. Legal Notice
  2. Timing Analyzer Summary
  3. Parallel Compilation
  4. SDC File List
  5. Clocks
  6. Slow 1100mV 100C Model Fmax Summary
  7. Timing Closure Recommendations
  8. Slow 1100mV 100C Model Setup Summary
  9. Slow 1100mV 100C Model Hold Summary
 10. Slow 1100mV 100C Model Recovery Summary
 11. Slow 1100mV 100C Model Removal Summary
 12. Slow 1100mV 100C Model Minimum Pulse Width Summary
 13. Slow 1100mV 100C Model Metastability Summary
 14. Slow 1100mV -40C Model Fmax Summary
 15. Slow 1100mV -40C Model Setup Summary
 16. Slow 1100mV -40C Model Hold Summary
 17. Slow 1100mV -40C Model Recovery Summary
 18. Slow 1100mV -40C Model Removal Summary
 19. Slow 1100mV -40C Model Minimum Pulse Width Summary
 20. Slow 1100mV -40C Model Metastability Summary
 21. Fast 1100mV 100C Model Setup Summary
 22. Fast 1100mV 100C Model Hold Summary
 23. Fast 1100mV 100C Model Recovery Summary
 24. Fast 1100mV 100C Model Removal Summary
 25. Fast 1100mV 100C Model Minimum Pulse Width Summary
 26. Fast 1100mV 100C Model Metastability Summary
 27. Fast 1100mV -40C Model Setup Summary
 28. Fast 1100mV -40C Model Hold Summary
 29. Fast 1100mV -40C Model Recovery Summary
 30. Fast 1100mV -40C Model Removal Summary
 31. Fast 1100mV -40C Model Minimum Pulse Width Summary
 32. Fast 1100mV -40C Model Metastability Summary
 33. Multicorner Timing Analysis Summary
 34. Board Trace Model Assignments
 35. Input Transition Times
 36. Signal Integrity Metrics (Slow 1100mv n40c Model)
 37. Signal Integrity Metrics (Slow 1100mv 100c Model)
 38. Signal Integrity Metrics (Fast 1100mv n40c Model)
 39. Signal Integrity Metrics (Fast 1100mv 100c Model)
 40. Setup Transfers
 41. Hold Transfers
 42. Recovery Transfers
 43. Removal Transfers
 44. Report TCCS
 45. Report RSKM
 46. Unconstrained Paths Summary
 47. Clock Status Summary
 48. Unconstrained Output Ports
 49. Unconstrained Output Ports
 50. Timing Analyzer Messages



----------------
; Legal Notice ;
----------------
Copyright (C) 2025  Altera Corporation. All rights reserved.
Your use of Altera Corporation's design tools, logic functions 
and other software and tools, and any partner logic 
functions, and any output files from any of the foregoing 
(including device programming or simulation files), and any 
associated documentation or information are expressly subject 
to the terms and conditions of the Altera Program License 
Subscription Agreement, the Altera Quartus Prime License Agreement,
the Altera IP License Agreement, or other applicable license
agreement, including, without limitation, that your use is for
the sole purpose of programming logic devices manufactured by
Altera and sold by Altera or its authorized distributors.  Please
refer to the Altera Software License Subscription Agreements 
on the Quartus Prime software download page.



+-------------------------------------------------------------------------------------+
; Timing Analyzer Summary                                                             ;
+-----------------------+-------------------------------------------------------------+
; Quartus Prime Version ; Version 25.1std.0 Build 1129 10/21/2025 SC Standard Edition ;
; Timing Analyzer       ; Legacy Timing Analyzer                                      ;
; Revision Name         ; de10nano_top                                                ;
; Device Family         ; Cyclone V                                                   ;
; Device Name           ; 5CSEBA6U23I7                                                ;
; Timing Models         ; Final                                                       ;
; Delay Model           ; Combined                                                    ;
; Rise/Fall Delays      ; Enabled                                                     ;
+-----------------------+-------------------------------------------------------------+


+------------------------------------------+
; Parallel Compilation                     ;
+----------------------------+-------------+
; Processors                 ; Number      ;
+----------------------------+-------------+
; Number detected on machine ; 20          ;
; Maximum allowed            ; 10          ;
;                            ;             ;
; Average used               ; 2.92        ;
; Maximum used               ; 10          ;
;                            ;             ;
; Usage by Processor         ; % Time Used ;
;     Processor 1            ; 100.0%      ;
;     Processor 2            ;  22.5%      ;
;     Processor 3            ;  22.4%      ;
;     Processor 4            ;  22.4%      ;
;     Processor 5            ;  20.8%      ;
;     Processor 6            ;  20.8%      ;
;     Processor 7            ;  20.8%      ;
;     Processor 8            ;  20.8%      ;
;     Processor 9            ;  20.7%      ;
;     Processor 10           ;  20.7%      ;
+----------------------------+-------------+


+------------------------------------------------------------+
; SDC File List                                              ;
+------------------------+--------+--------------------------+
; SDC File Path          ; Status ; Read at                  ;
+------------------------+--------+--------------------------+
; constraints/timing.sdc ; OK     ; Tue Sep 29 18:35:53 2026 ;
+------------------------+--------+--------------------------+


+--------------------------------------------------------------------------------------------------------------------------------------------------------------------------------------------------------------------------------------------------------------------------------------------------------------------------------------------------------------------------------------------------------------+
; Clocks                                                                                                                                                                                                                                                                                                                                                                                                       ;
+--------------------------------------------------------------+-----------+--------+-----------+-------+--------+------------+-----------+-------------+-------+--------+-----------+------------+----------+------------------------------------------------------------+-----------------------------------------------------------------+------------------------------------------------------------------+
; Clock Name                                                   ; Type      ; Period ; Frequency ; Rise  ; Fall   ; Duty Cycle ; Divide by ; Multiply by ; Phase ; Offset ; Edge List ; Edge Shift ; Inverted ; Master                                                     ; Source                                                          ; Targets                                                          ;
+--------------------------------------------------------------+-----------+--------+-----------+-------+--------+------------+-----------+-------------+-------+--------+-----------+------------+----------+------------------------------------------------------------+-----------------------------------------------------------------+------------------------------------------------------------------+
; clk_50m                                                      ; Base      ; 20.000 ; 50.0 MHz  ; 0.000 ; 10.000 ;            ;           ;             ;       ;        ;           ;            ;          ;                                                            ;                                                                 ; { clk_50m_i }                                                    ;
; u_pll|altera_pll_i|general[0].gpll~FRACTIONAL_PLL|vcoph[0]   ; Generated ; 2.482  ; 402.9 MHz ; 0.000 ; 1.241  ; 50.00      ; 512       ; 4125        ;       ;        ;           ;            ; false    ; clk_50m                                                    ; u_pll|altera_pll_i|general[0].gpll~FRACTIONAL_PLL|refclkin      ; { u_pll|altera_pll_i|general[0].gpll~FRACTIONAL_PLL|vcoph[0] }   ;
; u_pll|altera_pll_i|general[0].gpll~PLL_OUTPUT_COUNTER|divclk ; Generated ; 39.718 ; 25.18 MHz ; 0.000 ; 19.859 ; 50.00      ; 16        ; 1           ;       ;        ;           ;            ; false    ; u_pll|altera_pll_i|general[0].gpll~FRACTIONAL_PLL|vcoph[0] ; u_pll|altera_pll_i|general[0].gpll~PLL_OUTPUT_COUNTER|vco0ph[0] ; { u_pll|altera_pll_i|general[0].gpll~PLL_OUTPUT_COUNTER|divclk } ;
+--------------------------------------------------------------+-----------+--------+-----------+-------+--------+------------+-----------+-------------+-------+--------+-----------+------------+----------+------------------------------------------------------------+-----------------------------------------------------------------+------------------------------------------------------------------+


+----------------------------------------------------------------------------------------------------+
; Slow 1100mV 100C Model Fmax Summary                                                                ;
+------------+-----------------+--------------------------------------------------------------+------+
; Fmax       ; Restricted Fmax ; Clock Name                                                   ; Note ;
+------------+-----------------+--------------------------------------------------------------+------+
; 64.1 MHz   ; 64.1 MHz        ; u_pll|altera_pll_i|general[0].gpll~PLL_OUTPUT_COUNTER|divclk ;      ;
; 163.08 MHz ; 163.08 MHz      ; clk_50m                                                      ;      ;
+------------+-----------------+--------------------------------------------------------------+------+
This panel reports FMAX for every clock in the design, regardless of the user-specified clock periods.  FMAX is only computed for paths where the source and destination registers or ports are driven by the same clock.  Paths of different clocks, including generated clocks, are ignored.  For paths between a clock and its inversion, FMAX is computed as if the rising and falling edges are scaled along with FMAX, such that the duty cycle (in terms of a percentage) is maintained. Altera recommends that you always use clock constraints and other slack reports for sign-off analysis.


----------------------------------
; Timing Closure Recommendations ;
----------------------------------
HTML report is unavailable in plain text report export.


+---------------------------------------------------------------------------------------+
; Slow 1100mV 100C Model Setup Summary                                                  ;
+--------------------------------------------------------------+--------+---------------+
; Clock                                                        ; Slack  ; End Point TNS ;
+--------------------------------------------------------------+--------+---------------+
; clk_50m                                                      ; 13.868 ; 0.000         ;
; u_pll|altera_pll_i|general[0].gpll~PLL_OUTPUT_COUNTER|divclk ; 24.117 ; 0.000         ;
+--------------------------------------------------------------+--------+---------------+


+--------------------------------------------------------------------------------------+
; Slow 1100mV 100C Model Hold Summary                                                  ;
+--------------------------------------------------------------+-------+---------------+
; Clock                                                        ; Slack ; End Point TNS ;
+--------------------------------------------------------------+-------+---------------+
; u_pll|altera_pll_i|general[0].gpll~PLL_OUTPUT_COUNTER|divclk ; 0.232 ; 0.000         ;
; clk_50m                                                      ; 0.365 ; 0.000         ;
+--------------------------------------------------------------+-------+---------------+


+---------------------------------------------------------------------------------------+
; Slow 1100mV 100C Model Recovery Summary                                               ;
+--------------------------------------------------------------+--------+---------------+
; Clock                                                        ; Slack  ; End Point TNS ;
+--------------------------------------------------------------+--------+---------------+
; clk_50m                                                      ; 15.994 ; 0.000         ;
; u_pll|altera_pll_i|general[0].gpll~PLL_OUTPUT_COUNTER|divclk ; 36.380 ; 0.000         ;
+--------------------------------------------------------------+--------+---------------+


+--------------------------------------------------------------------------------------+
; Slow 1100mV 100C Model Removal Summary                                               ;
+--------------------------------------------------------------+-------+---------------+
; Clock                                                        ; Slack ; End Point TNS ;
+--------------------------------------------------------------+-------+---------------+
; clk_50m                                                      ; 0.729 ; 0.000         ;
; u_pll|altera_pll_i|general[0].gpll~PLL_OUTPUT_COUNTER|divclk ; 1.060 ; 0.000         ;
+--------------------------------------------------------------+-------+---------------+


+---------------------------------------------------------------------------------------+
; Slow 1100mV 100C Model Minimum Pulse Width Summary                                    ;
+--------------------------------------------------------------+--------+---------------+
; Clock                                                        ; Slack  ; End Point TNS ;
+--------------------------------------------------------------+--------+---------------+
; u_pll|altera_pll_i|general[0].gpll~FRACTIONAL_PLL|vcoph[0]   ; 1.241  ; 0.000         ;
; clk_50m                                                      ; 9.171  ; 0.000         ;
; u_pll|altera_pll_i|general[0].gpll~PLL_OUTPUT_COUNTER|divclk ; 19.112 ; 0.000         ;
+--------------------------------------------------------------+--------+---------------+


------------------------------------------------
; Slow 1100mV 100C Model Metastability Summary ;
------------------------------------------------
Worst-Case MTBF of Design is 1e+09 years or 3.15e+16 seconds.
Typical MTBF of Design is 1e+09 years or 3.15e+16 seconds.

Number of Synchronizer Chains Found: 2
Shortest Synchronizer Chain: 1 Registers
Fraction of Chains for which MTBFs Could Not be Calculated: 0.000
Worst Case Available Settling Time: 17.761 ns

Worst-Case MTBF values are calculated based on the worst-case silicon characteristics, with worst-case operating conditions.
  - Under worst-case conditions, an increase of 100ps in available settling time will increase MTBF values by a factor of 8.0
Typical MTBF values are calculated based on the nominal silicon characteristics, at nominal operating conditions.
  - Under typical conditions, an increase of 100ps in available settling time will increase MTBF values by a factor of 17.8



+----------------------------------------------------------------------------------------------------+
; Slow 1100mV -40C Model Fmax Summary                                                                ;
+------------+-----------------+--------------------------------------------------------------+------+
; Fmax       ; Restricted Fmax ; Clock Name                                                   ; Note ;
+------------+-----------------+--------------------------------------------------------------+------+
; 61.57 MHz  ; 61.57 MHz       ; u_pll|altera_pll_i|general[0].gpll~PLL_OUTPUT_COUNTER|divclk ;      ;
; 160.15 MHz ; 160.15 MHz      ; clk_50m                                                      ;      ;
+------------+-----------------+--------------------------------------------------------------+------+
This panel reports FMAX for every clock in the design, regardless of the user-specified clock periods.  FMAX is only computed for paths where the source and destination registers or ports are driven by the same clock.  Paths of different clocks, including generated clocks, are ignored.  For paths between a clock and its inversion, FMAX is computed as if the rising and falling edges are scaled along with FMAX, such that the duty cycle (in terms of a percentage) is maintained. Altera recommends that you always use clock constraints and other slack reports for sign-off analysis.


+---------------------------------------------------------------------------------------+
; Slow 1100mV -40C Model Setup Summary                                                  ;
+--------------------------------------------------------------+--------+---------------+
; Clock                                                        ; Slack  ; End Point TNS ;
+--------------------------------------------------------------+--------+---------------+
; clk_50m                                                      ; 13.756 ; 0.000         ;
; u_pll|altera_pll_i|general[0].gpll~PLL_OUTPUT_COUNTER|divclk ; 23.477 ; 0.000         ;
+--------------------------------------------------------------+--------+---------------+


+--------------------------------------------------------------------------------------+
; Slow 1100mV -40C Model Hold Summary                                                  ;
+--------------------------------------------------------------+-------+---------------+
; Clock                                                        ; Slack ; End Point TNS ;
+--------------------------------------------------------------+-------+---------------+
; u_pll|altera_pll_i|general[0].gpll~PLL_OUTPUT_COUNTER|divclk ; 0.167 ; 0.000         ;
; clk_50m                                                      ; 0.345 ; 0.000         ;
+--------------------------------------------------------------+-------+---------------+


+---------------------------------------------------------------------------------------+
; Slow 1100mV -40C Model Recovery Summary                                               ;
+--------------------------------------------------------------+--------+---------------+
; Clock                                                        ; Slack  ; End Point TNS ;
+--------------------------------------------------------------+--------+---------------+
; clk_50m                                                      ; 16.269 ; 0.000         ;
; u_pll|altera_pll_i|general[0].gpll~PLL_OUTPUT_COUNTER|divclk ; 36.575 ; 0.000         ;
+--------------------------------------------------------------+--------+---------------+


+--------------------------------------------------------------------------------------+
; Slow 1100mV -40C Model Removal Summary                                               ;
+--------------------------------------------------------------+-------+---------------+
; Clock                                                        ; Slack ; End Point TNS ;
+--------------------------------------------------------------+-------+---------------+
; clk_50m                                                      ; 0.697 ; 0.000         ;
; u_pll|altera_pll_i|general[0].gpll~PLL_OUTPUT_COUNTER|divclk ; 0.960 ; 0.000         ;
+--------------------------------------------------------------+-------+---------------+


+---------------------------------------------------------------------------------------+
; Slow 1100mV -40C Model Minimum Pulse Width Summary                                    ;
+--------------------------------------------------------------+--------+---------------+
; Clock                                                        ; Slack  ; End Point TNS ;
+--------------------------------------------------------------+--------+---------------+
; u_pll|altera_pll_i|general[0].gpll~FRACTIONAL_PLL|vcoph[0]   ; 1.241  ; 0.000         ;
; clk_50m                                                      ; 9.287  ; 0.000         ;
; u_pll|altera_pll_i|general[0].gpll~PLL_OUTPUT_COUNTER|divclk ; 19.046 ; 0.000         ;
+--------------------------------------------------------------+--------+---------------+


------------------------------------------------
; Slow 1100mV -40C Model Metastability Summary ;
------------------------------------------------
Worst-Case MTBF of Design is 1e+09 years or 3.15e+16 seconds.
Typical MTBF of Design is 1e+09 years or 3.15e+16 seconds.

Number of Synchronizer Chains Found: 2
Shortest Synchronizer Chain: 1 Registers
Fraction of Chains for which MTBFs Could Not be Calculated: 0.000
Worst Case Available Settling Time: 17.823 ns

Worst-Case MTBF values are calculated based on the worst-case silicon characteristics, with worst-case operating conditions.
  - Under worst-case conditions, an increase of 100ps in available settling time will increase MTBF values by a factor of 1.7
Typical MTBF values are calculated based on the nominal silicon characteristics, at nominal operating conditions.
  - Under typical conditions, an increase of 100ps in available settling time will increase MTBF values by a factor of 17.8



+---------------------------------------------------------------------------------------+
; Fast 1100mV 100C Model Setup Summary                                                  ;
+--------------------------------------------------------------+--------+---------------+
; Clock                                                        ; Slack  ; End Point TNS ;
+--------------------------------------------------------------+--------+---------------+
; clk_50m                                                      ; 16.263 ; 0.000         ;
; u_pll|altera_pll_i|general[0].gpll~PLL_OUTPUT_COUNTER|divclk ; 31.881 ; 0.000         ;
+--------------------------------------------------------------+--------+---------------+


+--------------------------------------------------------------------------------------+
; Fast 1100mV 100C Model Hold Summary                                                  ;
+--------------------------------------------------------------+-------+---------------+
; Clock                                                        ; Slack ; End Point TNS ;
+--------------------------------------------------------------+-------+---------------+
; u_pll|altera_pll_i|general[0].gpll~PLL_OUTPUT_COUNTER|divclk ; 0.102 ; 0.000         ;
; clk_50m                                                      ; 0.177 ; 0.000         ;
+--------------------------------------------------------------+-------+---------------+


+---------------------------------------------------------------------------------------+
; Fast 1100mV 100C Model Recovery Summary                                               ;
+--------------------------------------------------------------+--------+---------------+
; Clock                                                        ; Slack  ; End Point TNS ;
+--------------------------------------------------------------+--------+---------------+
; clk_50m                                                      ; 17.461 ; 0.000         ;
; u_pll|altera_pll_i|general[0].gpll~PLL_OUTPUT_COUNTER|divclk ; 37.691 ; 0.000         ;
+--------------------------------------------------------------+--------+---------------+


+--------------------------------------------------------------------------------------+
; Fast 1100mV 100C Model Removal Summary                                               ;
+--------------------------------------------------------------+-------+---------------+
; Clock                                                        ; Slack ; End Point TNS ;
+--------------------------------------------------------------+-------+---------------+
; clk_50m                                                      ; 0.367 ; 0.000         ;
; u_pll|altera_pll_i|general[0].gpll~PLL_OUTPUT_COUNTER|divclk ; 0.548 ; 0.000         ;
+--------------------------------------------------------------+-------+---------------+


+---------------------------------------------------------------------------------------+
; Fast 1100mV 100C Model Minimum Pulse Width Summary                                    ;
+--------------------------------------------------------------+--------+---------------+
; Clock                                                        ; Slack  ; End Point TNS ;
+--------------------------------------------------------------+--------+---------------+
; u_pll|altera_pll_i|general[0].gpll~FRACTIONAL_PLL|vcoph[0]   ; 1.241  ; 0.000         ;
; clk_50m                                                      ; 9.105  ; 0.000         ;
; u_pll|altera_pll_i|general[0].gpll~PLL_OUTPUT_COUNTER|divclk ; 19.409 ; 0.000         ;
+--------------------------------------------------------------+--------+---------------+


------------------------------------------------
; Fast 1100mV 100C Model Metastability Summary ;
------------------------------------------------
Worst-Case MTBF of Design is 1e+09 years or 3.15e+16 seconds.
Typical MTBF of Design is 1e+09 years or 3.15e+16 seconds.

Number of Synchronizer Chains Found: 2
Shortest Synchronizer Chain: 1 Registers
Fraction of Chains for which MTBFs Could Not be Calculated: 0.000
Worst Case Available Settling Time: 18.827 ns

Worst-Case MTBF values are calculated based on the worst-case silicon characteristics, with worst-case operating conditions.
  - Under worst-case conditions, an increase of 100ps in available settling time will increase MTBF values by a factor of 8.0
Typical MTBF values are calculated based on the nominal silicon characteristics, at nominal operating conditions.
  - Under typical conditions, an increase of 100ps in available settling time will increase MTBF values by a factor of 17.8



+---------------------------------------------------------------------------------------+
; Fast 1100mV -40C Model Setup Summary                                                  ;
+--------------------------------------------------------------+--------+---------------+
; Clock                                                        ; Slack  ; End Point TNS ;
+--------------------------------------------------------------+--------+---------------+
; clk_50m                                                      ; 16.881 ; 0.000         ;
; u_pll|altera_pll_i|general[0].gpll~PLL_OUTPUT_COUNTER|divclk ; 32.811 ; 0.000         ;
+--------------------------------------------------------------+--------+---------------+


+--------------------------------------------------------------------------------------+
; Fast 1100mV -40C Model Hold Summary                                                  ;
+--------------------------------------------------------------+-------+---------------+
; Clock                                                        ; Slack ; End Point TNS ;
+--------------------------------------------------------------+-------+---------------+
; u_pll|altera_pll_i|general[0].gpll~PLL_OUTPUT_COUNTER|divclk ; 0.080 ; 0.000         ;
; clk_50m                                                      ; 0.165 ; 0.000         ;
+--------------------------------------------------------------+-------+---------------+


+---------------------------------------------------------------------------------------+
; Fast 1100mV -40C Model Recovery Summary                                               ;
+--------------------------------------------------------------+--------+---------------+
; Clock                                                        ; Slack  ; End Point TNS ;
+--------------------------------------------------------------+--------+---------------+
; clk_50m                                                      ; 17.941 ; 0.000         ;
; u_pll|altera_pll_i|general[0].gpll~PLL_OUTPUT_COUNTER|divclk ; 38.010 ; 0.000         ;
+--------------------------------------------------------------+--------+---------------+


+--------------------------------------------------------------------------------------+
; Fast 1100mV -40C Model Removal Summary                                               ;
+--------------------------------------------------------------+-------+---------------+
; Clock                                                        ; Slack ; End Point TNS ;
+--------------------------------------------------------------+-------+---------------+
; clk_50m                                                      ; 0.308 ; 0.000         ;
; u_pll|altera_pll_i|general[0].gpll~PLL_OUTPUT_COUNTER|divclk ; 0.454 ; 0.000         ;
+--------------------------------------------------------------+-------+---------------+


+---------------------------------------------------------------------------------------+
; Fast 1100mV -40C Model Minimum Pulse Width Summary                                    ;
+--------------------------------------------------------------+--------+---------------+
; Clock                                                        ; Slack  ; End Point TNS ;
+--------------------------------------------------------------+--------+---------------+
; u_pll|altera_pll_i|general[0].gpll~FRACTIONAL_PLL|vcoph[0]   ; 1.241  ; 0.000         ;
; clk_50m                                                      ; 9.047  ; 0.000         ;
; u_pll|altera_pll_i|general[0].gpll~PLL_OUTPUT_COUNTER|divclk ; 19.401 ; 0.000         ;
+--------------------------------------------------------------+--------+---------------+


------------------------------------------------
; Fast 1100mV -40C Model Metastability Summary ;
------------------------------------------------
Worst-Case MTBF of Design is 1e+09 years or 3.15e+16 seconds.
Typical MTBF of Design is 1e+09 years or 3.15e+16 seconds.

Number of Synchronizer Chains Found: 2
Shortest Synchronizer Chain: 1 Registers
Fraction of Chains for which MTBFs Could Not be Calculated: 0.000
Worst Case Available Settling Time: 18.946 ns

Worst-Case MTBF values are calculated based on the worst-case silicon characteristics, with worst-case operating conditions.
  - Under worst-case conditions, an increase of 100ps in available settling time will increase MTBF values by a factor of 1.7
Typical MTBF values are calculated based on the nominal silicon characteristics, at nominal operating conditions.
  - Under typical conditions, an increase of 100ps in available settling time will increase MTBF values by a factor of 17.8



+---------------------------------------------------------------------------------------------------------------------------+
; Multicorner Timing Analysis Summary                                                                                       ;
+---------------------------------------------------------------+--------+-------+----------+---------+---------------------+
; Clock                                                         ; Setup  ; Hold  ; Recovery ; Removal ; Minimum Pulse Width ;
+---------------------------------------------------------------+--------+-------+----------+---------+---------------------+
; Worst-case Slack                                              ; 13.756 ; 0.080 ; 15.994   ; 0.308   ; 1.241               ;
;  clk_50m                                                      ; 13.756 ; 0.165 ; 15.994   ; 0.308   ; 9.047               ;
;  u_pll|altera_pll_i|general[0].gpll~FRACTIONAL_PLL|vcoph[0]   ; N/A    ; N/A   ; N/A      ; N/A     ; 1.241               ;
;  u_pll|altera_pll_i|general[0].gpll~PLL_OUTPUT_COUNTER|divclk ; 23.477 ; 0.080 ; 36.380   ; 0.454   ; 19.046              ;
; Design-wide TNS                                               ; 0.0    ; 0.0   ; 0.0      ; 0.0     ; 0.0                 ;
;  clk_50m                                                      ; 0.000  ; 0.000 ; 0.000    ; 0.000   ; 0.000               ;
;  u_pll|altera_pll_i|general[0].gpll~FRACTIONAL_PLL|vcoph[0]   ; N/A    ; N/A   ; N/A      ; N/A     ; 0.000               ;
;  u_pll|altera_pll_i|general[0].gpll~PLL_OUTPUT_COUNTER|divclk ; 0.000  ; 0.000 ; 0.000    ; 0.000   ; 0.000               ;
+---------------------------------------------------------------+--------+-------+----------+---------+---------------------+


+------------------------------------------------------------------------------------------------------------------------------------------------------------------------------------------------------------------------------------------------------------------------------------------------------------------------------------------------------------------------------------------------------------------+
; Board Trace Model Assignments                                                                                                                                                                                                                                                                                                                                                                                    ;
+---------------+--------------+-------------------+-------------------------+-------------------------+---------------+---------------------+----------------+------------------+--------+------------------+------------------------+------------------------+--------------+---------------+-----------------+-------+---------------------+--------------------+---------------+-----------------+-------------+
; Pin           ; I/O Standard ; Near Tline Length ; Near Tline L per Length ; Near Tline C per Length ; Near Series R ; Near Differential R ; Near Pull-up R ; Near Pull-down R ; Near C ; Far Tline Length ; Far Tline L per Length ; Far Tline C per Length ; Far Series R ; Far Pull-up R ; Far Pull-down R ; Far C ; Termination Voltage ; Far Differential R ; EBD File Name ; EBD Signal Name ; EBD Far-end ;
+---------------+--------------+-------------------+-------------------------+-------------------------+---------------+---------------------+----------------+------------------+--------+------------------+------------------------+------------------------+--------------+---------------+-----------------+-------+---------------------+--------------------+---------------+-----------------+-------------+
; led_o[0]      ; 3.3-V LVTTL  ; 0 in              ; 0 H/in                  ; 0 F/in                  ; short         ; -                   ; open           ; open             ; open   ; 0 in             ; 0 H/in                 ; 0 F/in                 ; short        ; open          ; open            ; open  ; 0 V                 ; -                  ; n/a           ; n/a             ; n/a         ;
; led_o[1]      ; 3.3-V LVTTL  ; 0 in              ; 0 H/in                  ; 0 F/in                  ; short         ; -                   ; open           ; open             ; open   ; 0 in             ; 0 H/in                 ; 0 F/in                 ; short        ; open          ; open            ; open  ; 0 V                 ; -                  ; n/a           ; n/a             ; n/a         ;
; led_o[2]      ; 3.3-V LVTTL  ; 0 in              ; 0 H/in                  ; 0 F/in                  ; short         ; -                   ; open           ; open             ; open   ; 0 in             ; 0 H/in                 ; 0 F/in                 ; short        ; open          ; open            ; open  ; 0 V                 ; -                  ; n/a           ; n/a             ; n/a         ;
; led_o[3]      ; 3.3-V LVTTL  ; 0 in              ; 0 H/in                  ; 0 F/in                  ; short         ; -                   ; open           ; open             ; open   ; 0 in             ; 0 H/in                 ; 0 F/in                 ; short        ; open          ; open            ; open  ; 0 V                 ; -                  ; n/a           ; n/a             ; n/a         ;
; led_o[4]      ; 3.3-V LVTTL  ; 0 in              ; 0 H/in                  ; 0 F/in                  ; short         ; -                   ; open           ; open             ; open   ; 0 in             ; 0 H/in                 ; 0 F/in                 ; short        ; open          ; open            ; open  ; 0 V                 ; -                  ; n/a           ; n/a             ; n/a         ;
; led_o[5]      ; 3.3-V LVTTL  ; 0 in              ; 0 H/in                  ; 0 F/in                  ; short         ; -                   ; open           ; open             ; open   ; 0 in             ; 0 H/in                 ; 0 F/in                 ; short        ; open          ; open            ; open  ; 0 V                 ; -                  ; n/a           ; n/a             ; n/a         ;
; led_o[6]      ; 3.3-V LVTTL  ; 0 in              ; 0 H/in                  ; 0 F/in                  ; short         ; -                   ; open           ; open             ; open   ; 0 in             ; 0 H/in                 ; 0 F/in                 ; short        ; open          ; open            ; open  ; 0 V                 ; -                  ; n/a           ; n/a             ; n/a         ;
; led_o[7]      ; 3.3-V LVTTL  ; 0 in              ; 0 H/in                  ; 0 F/in                  ; short         ; -                   ; open           ; open             ; open   ; 0 in             ; 0 H/in                 ; 0 F/in                 ; short        ; open          ; open            ; open  ; 0 V                 ; -                  ; n/a           ; n/a             ; n/a         ;
; hdmi_tx_clk   ; 3.3-V LVTTL  ; 0 in              ; 0 H/in                  ; 0 F/in                  ; short         ; -                   ; open           ; open             ; open   ; 0 in             ; 0 H/in                 ; 0 F/in                 ; short        ; open          ; open            ; open  ; 0 V                 ; -                  ; n/a           ; n/a             ; n/a         ;
; hdmi_tx_de    ; 3.3-V LVTTL  ; 0 in              ; 0 H/in                  ; 0 F/in                  ; short         ; -                   ; open           ; open             ; open   ; 0 in             ; 0 H/in                 ; 0 F/in                 ; short        ; open          ; open            ; open  ; 0 V                 ; -                  ; n/a           ; n/a             ; n/a         ;
; hdmi_tx_hs    ; 3.3-V LVTTL  ; 0 in              ; 0 H/in                  ; 0 F/in                  ; short         ; -                   ; open           ; open             ; open   ; 0 in             ; 0 H/in                 ; 0 F/in                 ; short        ; open          ; open            ; open  ; 0 V                 ; -                  ; n/a           ; n/a             ; n/a         ;
; hdmi_tx_vs    ; 3.3-V LVTTL  ; 0 in              ; 0 H/in                  ; 0 F/in                  ; short         ; -                   ; open           ; open             ; open   ; 0 in             ; 0 H/in                 ; 0 F/in                 ; short        ; open          ; open            ; open  ; 0 V                 ; -                  ; n/a           ; n/a             ; n/a         ;
; hdmi_tx_d[0]  ; 3.3-V LVTTL  ; 0 in              ; 0 H/in                  ; 0 F/in                  ; short         ; -                   ; open           ; open             ; open   ; 0 in             ; 0 H/in                 ; 0 F/in                 ; short        ; open          ; open            ; open  ; 0 V                 ; -                  ; n/a           ; n/a             ; n/a         ;
; hdmi_tx_d[1]  ; 3.3-V LVTTL  ; 0 in              ; 0 H/in                  ; 0 F/in                  ; short         ; -                   ; open           ; open             ; open   ; 0 in             ; 0 H/in                 ; 0 F/in                 ; short        ; open          ; open            ; open  ; 0 V                 ; -                  ; n/a           ; n/a             ; n/a         ;
; hdmi_tx_d[2]  ; 3.3-V LVTTL  ; 0 in              ; 0 H/in                  ; 0 F/in                  ; short         ; -                   ; open           ; open             ; open   ; 0 in             ; 0 H/in                 ; 0 F/in                 ; short        ; open          ; open            ; open  ; 0 V                 ; -                  ; n/a           ; n/a             ; n/a         ;
; hdmi_tx_d[3]  ; 3.3-V LVTTL  ; 0 in              ; 0 H/in                  ; 0 F/in                  ; short         ; -                   ; open           ; open             ; open   ; 0 in             ; 0 H/in                 ; 0 F/in                 ; short        ; open          ; open            ; open  ; 0 V                 ; -                  ; n/a           ; n/a             ; n/a         ;
; hdmi_tx_d[4]  ; 3.3-V LVTTL  ; 0 in              ; 0 H/in                  ; 0 F/in                  ; short         ; -                   ; open           ; open             ; open   ; 0 in             ; 0 H/in                 ; 0 F/in                 ; short        ; open          ; open            ; open  ; 0 V                 ; -                  ; n/a           ; n/a             ; n/a         ;
; hdmi_tx_d[5]  ; 3.3-V LVTTL  ; 0 in              ; 0 H/in                  ; 0 F/in                  ; short         ; -                   ; open           ; open             ; open   ; 0 in             ; 0 H/in                 ; 0 F/in                 ; short        ; open          ; open            ; open  ; 0 V                 ; -                  ; n/a           ; n/a             ; n/a         ;
; hdmi_tx_d[6]  ; 3.3-V LVTTL  ; 0 in              ; 0 H/in                  ; 0 F/in                  ; short         ; -                   ; open           ; open             ; open   ; 0 in             ; 0 H/in                 ; 0 F/in                 ; short        ; open          ; open            ; open  ; 0 V                 ; -                  ; n/a           ; n/a             ; n/a         ;
; hdmi_tx_d[7]  ; 3.3-V LVTTL  ; 0 in              ; 0 H/in                  ; 0 F/in                  ; short         ; -                   ; open           ; open             ; open   ; 0 in             ; 0 H/in                 ; 0 F/in                 ; short        ; open          ; open            ; open  ; 0 V                 ; -                  ; n/a           ; n/a             ; n/a         ;
; hdmi_tx_d[8]  ; 3.3-V LVTTL  ; 0 in              ; 0 H/in                  ; 0 F/in                  ; short         ; -                   ; open           ; open             ; open   ; 0 in             ; 0 H/in                 ; 0 F/in                 ; short        ; open          ; open            ; open  ; 0 V                 ; -                  ; n/a           ; n/a             ; n/a         ;
; hdmi_tx_d[9]  ; 3.3-V LVTTL  ; 0 in              ; 0 H/in                  ; 0 F/in                  ; short         ; -                   ; open           ; open             ; open   ; 0 in             ; 0 H/in                 ; 0 F/in                 ; short        ; open          ; open            ; open  ; 0 V                 ; -                  ; n/a           ; n/a             ; n/a         ;
; hdmi_tx_d[10] ; 3.3-V LVTTL  ; 0 in              ; 0 H/in                  ; 0 F/in                  ; short         ; -                   ; open           ; open             ; open   ; 0 in             ; 0 H/in                 ; 0 F/in                 ; short        ; open          ; open            ; open  ; 0 V                 ; -                  ; n/a           ; n/a             ; n/a         ;
; hdmi_tx_d[11] ; 3.3-V LVTTL  ; 0 in              ; 0 H/in                  ; 0 F/in                  ; short         ; -                   ; open           ; open             ; open   ; 0 in             ; 0 H/in                 ; 0 F/in                 ; short        ; open          ; open            ; open  ; 0 V                 ; -                  ; n/a           ; n/a             ; n/a         ;
; hdmi_tx_d[12] ; 3.3-V LVTTL  ; 0 in              ; 0 H/in                  ; 0 F/in                  ; short         ; -                   ; open           ; open             ; open   ; 0 in             ; 0 H/in                 ; 0 F/in                 ; short        ; open          ; open            ; open  ; 0 V                 ; -                  ; n/a           ; n/a             ; n/a         ;
; hdmi_tx_d[13] ; 3.3-V LVTTL  ; 0 in              ; 0 H/in                  ; 0 F/in                  ; short         ; -                   ; open           ; open             ; open   ; 0 in             ; 0 H/in                 ; 0 F/in                 ; short        ; open          ; open            ; open  ; 0 V                 ; -                  ; n/a           ; n/a             ; n/a         ;
; hdmi_tx_d[14] ; 3.3-V LVTTL  ; 0 in              ; 0 H/in                  ; 0 F/in                  ; short         ; -                   ; open           ; open             ; open   ; 0 in             ; 0 H/in                 ; 0 F/in                 ; short        ; open          ; open            ; open  ; 0 V                 ; -                  ; n/a           ; n/a             ; n/a         ;
; hdmi_tx_d[15] ; 3.3-V LVTTL  ; 0 in              ; 0 H/in                  ; 0 F/in                  ; short         ; -                   ; open           ; open             ; open   ; 0 in             ; 0 H/in                 ; 0 F/in                 ; short        ; open          ; open            ; open  ; 0 V                 ; -                  ; n/a           ; n/a             ; n/a         ;
; hdmi_tx_d[16] ; 3.3-V LVTTL  ; 0 in              ; 0 H/in                  ; 0 F/in                  ; short         ; -                   ; open           ; open             ; open   ; 0 in             ; 0 H/in                 ; 0 F/in                 ; short        ; open          ; open            ; open  ; 0 V                 ; -                  ; n/a           ; n/a             ; n/a         ;
; hdmi_tx_d[17] ; 3.3-V LVTTL  ; 0 in              ; 0 H/in                  ; 0 F/in                  ; short         ; -                   ; open           ; open             ; open   ; 0 in             ; 0 H/in                 ; 0 F/in                 ; short        ; open          ; open            ; open  ; 0 V                 ; -                  ; n/a           ; n/a             ; n/a         ;
; hdmi_tx_d[18] ; 3.3-V LVTTL  ; 0 in              ; 0 H/in                  ; 0 F/in                  ; short         ; -                   ; open           ; open             ; open   ; 0 in             ; 0 H/in                 ; 0 F/in                 ; short        ; open          ; open            ; open  ; 0 V                 ; -                  ; n/a           ; n/a             ; n/a         ;
; hdmi_tx_d[19] ; 3.3-V LVTTL  ; 0 in              ; 0 H/in                  ; 0 F/in                  ; short         ; -                   ; open           ; open             ; open   ; 0 in             ; 0 H/in                 ; 0 F/in                 ; short        ; open          ; open            ; open  ; 0 V                 ; -                  ; n/a           ; n/a             ; n/a         ;
; hdmi_tx_d[20] ; 3.3-V LVTTL  ; 0 in              ; 0 H/in                  ; 0 F/in                  ; short         ; -                   ; open           ; open             ; open   ; 0 in             ; 0 H/in                 ; 0 F/in                 ; short        ; open          ; open            ; open  ; 0 V                 ; -                  ; n/a           ; n/a             ; n/a         ;
; hdmi_tx_d[21] ; 3.3-V LVTTL  ; 0 in              ; 0 H/in                  ; 0 F/in                  ; short         ; -                   ; open           ; open             ; open   ; 0 in             ; 0 H/in                 ; 0 F/in                 ; short        ; open          ; open            ; open  ; 0 V                 ; -                  ; n/a           ; n/a             ; n/a         ;
; hdmi_tx_d[22] ; 3.3-V LVTTL  ; 0 in              ; 0 H/in                  ; 0 F/in                  ; short         ; -                   ; open           ; open             ; open   ; 0 in             ; 0 H/in                 ; 0 F/in                 ; short        ; open          ; open            ; open  ; 0 V                 ; -                  ; n/a           ; n/a             ; n/a         ;
; hdmi_tx_d[23] ; 3.3-V LVTTL  ; 0 in              ; 0 H/in                  ; 0 F/in                  ; short         ; -                   ; open           ; open             ; open   ; 0 in             ; 0 H/in                 ; 0 F/in                 ; short        ; open          ; open            ; open  ; 0 V                 ; -                  ; n/a           ; n/a             ; n/a         ;
; hdmi_i2c_scl  ; 3.3-V LVTTL  ; 0 in              ; 0 H/in                  ; 0 F/in                  ; short         ; -                   ; open           ; open             ; open   ; 0 in             ; 0 H/in                 ; 0 F/in                 ; short        ; open          ; open            ; open  ; 0 V                 ; -                  ; n/a           ; n/a             ; n/a         ;
; hdmi_i2c_sda  ; 3.3-V LVTTL  ; 0 in              ; 0 H/in                  ; 0 F/in                  ; short         ; -                   ; open           ; open             ; open   ; 0 in             ; 0 H/in                 ; 0 F/in                 ; short        ; open          ; open            ; open  ; 0 V                 ; -                  ; n/a           ; n/a             ; n/a         ;
+---------------+--------------+-------------------+-------------------------+-------------------------+---------------+---------------------+----------------+------------------+--------+------------------+------------------------+------------------------+--------------+---------------+-----------------+-------+---------------------+--------------------+---------------+-----------------+-------------+


+-----------------------------------------------------------------+
; Input Transition Times                                          ;
+--------------+--------------+-----------------+-----------------+
; Pin          ; I/O Standard ; 10-90 Rise Time ; 90-10 Fall Time ;
+--------------+--------------+-----------------+-----------------+
; btn_n_i[1]   ; 3.3-V LVTTL  ; 2640 ps         ; 2640 ps         ;
; hdmi_i2c_scl ; 3.3-V LVTTL  ; 2640 ps         ; 2640 ps         ;
; hdmi_i2c_sda ; 3.3-V LVTTL  ; 2640 ps         ; 2640 ps         ;
; clk_50m_i    ; 3.3-V LVTTL  ; 2640 ps         ; 2640 ps         ;
; btn_n_i[0]   ; 3.3-V LVTTL  ; 2640 ps         ; 2640 ps         ;
+--------------+--------------+-----------------+-----------------+


+--------------------------------------------------------------------------------------------------------------------------------------------------------------------------------------------------------------------------------------------------------------------------------------------------------------------------------------------------------------------------------------------------------------------------------------------------------------------------------------------------------------------------------------------------------------------------------------------------------------------------------------------------------------------------------------------+
; Signal Integrity Metrics (Slow 1100mv n40c Model)                                                                                                                                                                                                                                                                                                                                                                                                                                                                                                                                                                                                                                          ;
+---------------+--------------+---------------------+---------------------+------------------------------+------------------------------+---------------------+---------------------+--------------------------------------+--------------------------------------+-----------------------------+-----------------------------+----------------------------+----------------------------+-----------------------------+-----------------------------+--------------------+--------------------+-------------------------------------+-------------------------------------+----------------------------+----------------------------+---------------------------+---------------------------+
; Pin           ; I/O Standard ; Board Delay on Rise ; Board Delay on Fall ; Steady State Voh at FPGA Pin ; Steady State Vol at FPGA Pin ; Voh Max at FPGA Pin ; Vol Min at FPGA Pin ; Ringback Voltage on Rise at FPGA Pin ; Ringback Voltage on Fall at FPGA Pin ; 10-90 Rise Time at FPGA Pin ; 90-10 Fall Time at FPGA Pin ; Monotonic Rise at FPGA Pin ; Monotonic Fall at FPGA Pin ; Steady State Voh at Far-end ; Steady State Vol at Far-end ; Voh Max at Far-end ; Vol Min at Far-end ; Ringback Voltage on Rise at Far-end ; Ringback Voltage on Fall at Far-end ; 10-90 Rise Time at Far-end ; 90-10 Fall Time at Far-end ; Monotonic Rise at Far-end ; Monotonic Fall at Far-end ;
+---------------+--------------+---------------------+---------------------+------------------------------+------------------------------+---------------------+---------------------+--------------------------------------+--------------------------------------+-----------------------------+-----------------------------+----------------------------+----------------------------+-----------------------------+-----------------------------+--------------------+--------------------+-------------------------------------+-------------------------------------+----------------------------+----------------------------+---------------------------+---------------------------+
; led_o[0]      ; 3.3-V LVTTL  ; 0 s                 ; 0 s                 ; 3.08 V                       ; 1.47e-08 V                   ; 3.11 V              ; -0.195 V            ; 0.108 V                              ; 0.32 V                               ; 4.03e-10 s                  ; 1.44e-10 s                  ; Yes                        ; No                         ; 3.08 V                      ; 1.47e-08 V                  ; 3.11 V             ; -0.195 V           ; 0.108 V                             ; 0.32 V                              ; 4.03e-10 s                 ; 1.44e-10 s                 ; Yes                       ; No                        ;
; led_o[1]      ; 3.3-V LVTTL  ; 0 s                 ; 0 s                 ; 3.08 V                       ; 1.91e-08 V                   ; 3.17 V              ; -0.306 V            ; 0.142 V                              ; 0.425 V                              ; 4.17e-10 s                  ; 1.36e-10 s                  ; Yes                        ; No                         ; 3.08 V                      ; 1.91e-08 V                  ; 3.17 V             ; -0.306 V           ; 0.142 V                             ; 0.425 V                             ; 4.17e-10 s                 ; 1.36e-10 s                 ; Yes                       ; No                        ;
; led_o[2]      ; 3.3-V LVTTL  ; 0 s                 ; 0 s                 ; 3.08 V                       ; 2e-08 V                      ; 3.17 V              ; -0.245 V            ; 0.166 V                              ; 0.398 V                              ; 4.33e-10 s                  ; 1.46e-10 s                  ; Yes                        ; No                         ; 3.08 V                      ; 2e-08 V                     ; 3.17 V             ; -0.245 V           ; 0.166 V                             ; 0.398 V                             ; 4.33e-10 s                 ; 1.46e-10 s                 ; Yes                       ; No                        ;
; led_o[3]      ; 3.3-V LVTTL  ; 0 s                 ; 0 s                 ; 3.08 V                       ; 1.47e-08 V                   ; 3.11 V              ; -0.195 V            ; 0.108 V                              ; 0.32 V                               ; 4.03e-10 s                  ; 1.44e-10 s                  ; Yes                        ; No                         ; 3.08 V                      ; 1.47e-08 V                  ; 3.11 V             ; -0.195 V           ; 0.108 V                             ; 0.32 V                              ; 4.03e-10 s                 ; 1.44e-10 s                 ; Yes                       ; No                        ;
; led_o[4]      ; 3.3-V LVTTL  ; 0 s                 ; 0 s                 ; 3.08 V                       ; 1.91e-08 V                   ; 3.17 V              ; -0.306 V            ; 0.142 V                              ; 0.425 V                              ; 4.17e-10 s                  ; 1.36e-10 s                  ; Yes                        ; No                         ; 3.08 V                      ; 1.91e-08 V                  ; 3.17 V             ; -0.306 V           ; 0.142 V                             ; 0.425 V                             ; 4.17e-10 s                 ; 1.36e-10 s                 ; Yes                       ; No                        ;
; led_o[5]      ; 3.3-V LVTTL  ; 0 s                 ; 0 s                 ; 3.08 V                       ; 1.91e-08 V                   ; 3.17 V              ; -0.311 V            ; 0.143 V                              ; 0.424 V                              ; 4.17e-10 s                  ; 1.36e-10 s                  ; Yes                        ; No                         ; 3.08 V                      ; 1.91e-08 V                  ; 3.17 V             ; -0.311 V           ; 0.143 V                             ; 0.424 V                             ; 4.17e-10 s                 ; 1.36e-10 s                 ; Yes                       ; No                        ;
; led_o[6]      ; 3.3-V LVTTL  ; 0 s                 ; 0 s                 ; 3.08 V                       ; 2e-08 V                      ; 3.17 V              ; -0.245 V            ; 0.166 V                              ; 0.398 V                              ; 4.33e-10 s                  ; 1.46e-10 s                  ; Yes                        ; No                         ; 3.08 V                      ; 2e-08 V                     ; 3.17 V             ; -0.245 V           ; 0.166 V                             ; 0.398 V                             ; 4.33e-10 s                 ; 1.46e-10 s                 ; Yes                       ; No                        ;
; led_o[7]      ; 3.3-V LVTTL  ; 0 s                 ; 0 s                 ; 3.08 V                       ; 1.91e-08 V                   ; 3.17 V              ; -0.311 V            ; 0.143 V                              ; 0.424 V                              ; 4.17e-10 s                  ; 1.36e-10 s                  ; Yes                        ; No                         ; 3.08 V                      ; 1.91e-08 V                  ; 3.17 V             ; -0.311 V           ; 0.143 V                             ; 0.424 V                             ; 4.17e-10 s                 ; 1.36e-10 s                 ; Yes                       ; No                        ;
; hdmi_tx_clk   ; 3.3-V LVTTL  ; 0 s                 ; 0 s                 ; 3.08 V                       ; 1.91e-08 V                   ; 3.17 V              ; -0.306 V            ; 0.142 V                              ; 0.425 V                              ; 4.17e-10 s                  ; 1.36e-10 s                  ; Yes                        ; No                         ; 3.08 V                      ; 1.91e-08 V                  ; 3.17 V             ; -0.306 V           ; 0.142 V                             ; 0.425 V                             ; 4.17e-10 s                 ; 1.36e-10 s                 ; Yes                       ; No                        ;
; hdmi_tx_de    ; 3.3-V LVTTL  ; 0 s                 ; 0 s                 ; 3.08 V                       ; 1.47e-08 V                   ; 3.11 V              ; -0.195 V            ; 0.108 V                              ; 0.32 V                               ; 4.03e-10 s                  ; 1.44e-10 s                  ; Yes                        ; No                         ; 3.08 V                      ; 1.47e-08 V                  ; 3.11 V             ; -0.195 V           ; 0.108 V                             ; 0.32 V                              ; 4.03e-10 s                 ; 1.44e-10 s                 ; Yes                       ; No                        ;
; hdmi_tx_hs    ; 3.3-V LVTTL  ; 0 s                 ; 0 s                 ; 3.08 V                       ; 1.47e-08 V                   ; 3.11 V              ; -0.195 V            ; 0.108 V                              ; 0.32 V                               ; 4.03e-10 s                  ; 1.44e-10 s                  ; Yes                        ; No                         ; 3.08 V                      ; 1.47e-08 V                  ; 3.11 V             ; -0.195 V           ; 0.108 V                             ; 0.32 V                              ; 4.03e-10 s                 ; 1.44e-10 s                 ; Yes                       ; No                        ;
; hdmi_tx_vs    ; 3.3-V LVTTL  ; 0 s                 ; 0 s                 ; 3.08 V                       ; 1.47e-08 V                   ; 3.11 V              ; -0.195 V            ; 0.108 V                              ; 0.32 V                               ; 4.03e-10 s                  ; 1.44e-10 s                  ; Yes                        ; No                         ; 3.08 V                      ; 1.47e-08 V                  ; 3.11 V             ; -0.195 V           ; 0.108 V                             ; 0.32 V                              ; 4.03e-10 s                 ; 1.44e-10 s                 ; Yes                       ; No                        ;
; hdmi_tx_d[0]  ; 3.3-V LVTTL  ; 0 s                 ; 0 s                 ; 3.08 V                       ; 1.47e-08 V                   ; 3.11 V              ; -0.195 V            ; 0.108 V                              ; 0.32 V                               ; 4.03e-10 s                  ; 1.44e-10 s                  ; Yes                        ; No                         ; 3.08 V                      ; 1.47e-08 V                  ; 3.11 V             ; -0.195 V           ; 0.108 V                             ; 0.32 V                              ; 4.03e-10 s                 ; 1.44e-10 s                 ; Yes                       ; No                        ;
; hdmi_tx_d[1]  ; 3.3-V LVTTL  ; 0 s                 ; 0 s                 ; 3.08 V                       ; 2e-08 V                      ; 3.17 V              ; -0.245 V            ; 0.166 V                              ; 0.398 V                              ; 4.33e-10 s                  ; 1.46e-10 s                  ; Yes                        ; No                         ; 3.08 V                      ; 2e-08 V                     ; 3.17 V             ; -0.245 V           ; 0.166 V                             ; 0.398 V                             ; 4.33e-10 s                 ; 1.46e-10 s                 ; Yes                       ; No                        ;
; hdmi_tx_d[2]  ; 3.3-V LVTTL  ; 0 s                 ; 0 s                 ; 3.08 V                       ; 2e-08 V                      ; 3.17 V              ; -0.245 V            ; 0.166 V                              ; 0.398 V                              ; 4.33e-10 s                  ; 1.46e-10 s                  ; Yes                        ; No                         ; 3.08 V                      ; 2e-08 V                     ; 3.17 V             ; -0.245 V           ; 0.166 V                             ; 0.398 V                             ; 4.33e-10 s                 ; 1.46e-10 s                 ; Yes                       ; No                        ;
; hdmi_tx_d[3]  ; 3.3-V LVTTL  ; 0 s                 ; 0 s                 ; 3.08 V                       ; 1.47e-08 V                   ; 3.11 V              ; -0.195 V            ; 0.108 V                              ; 0.32 V                               ; 4.03e-10 s                  ; 1.44e-10 s                  ; Yes                        ; No                         ; 3.08 V                      ; 1.47e-08 V                  ; 3.11 V             ; -0.195 V           ; 0.108 V                             ; 0.32 V                              ; 4.03e-10 s                 ; 1.44e-10 s                 ; Yes                       ; No                        ;
; hdmi_tx_d[4]  ; 3.3-V LVTTL  ; 0 s                 ; 0 s                 ; 3.08 V                       ; 2e-08 V                      ; 3.17 V              ; -0.245 V            ; 0.166 V                              ; 0.398 V                              ; 4.33e-10 s                  ; 1.46e-10 s                  ; Yes                        ; No                         ; 3.08 V                      ; 2e-08 V                     ; 3.17 V             ; -0.245 V           ; 0.166 V                             ; 0.398 V                             ; 4.33e-10 s                 ; 1.46e-10 s                 ; Yes                       ; No                        ;
; hdmi_tx_d[5]  ; 3.3-V LVTTL  ; 0 s                 ; 0 s                 ; 3.08 V                       ; 2e-08 V                      ; 3.17 V              ; -0.245 V            ; 0.166 V                              ; 0.398 V                              ; 4.33e-10 s                  ; 1.46e-10 s                  ; Yes                        ; No                         ; 3.08 V                      ; 2e-08 V                     ; 3.17 V             ; -0.245 V           ; 0.166 V                             ; 0.398 V                             ; 4.33e-10 s                 ; 1.46e-10 s                 ; Yes                       ; No                        ;
; hdmi_tx_d[6]  ; 3.3-V LVTTL  ; 0 s                 ; 0 s                 ; 3.08 V                       ; 1.47e-08 V                   ; 3.11 V              ; -0.195 V            ; 0.108 V                              ; 0.32 V                               ; 4.03e-10 s                  ; 1.44e-10 s                  ; Yes                        ; No                         ; 3.08 V                      ; 1.47e-08 V                  ; 3.11 V             ; -0.195 V           ; 0.108 V                             ; 0.32 V                              ; 4.03e-10 s                 ; 1.44e-10 s                 ; Yes                       ; No                        ;
; hdmi_tx_d[7]  ; 3.3-V LVTTL  ; 0 s                 ; 0 s                 ; 3.08 V                       ; 1.91e-08 V                   ; 3.17 V              ; -0.306 V            ; 0.142 V                              ; 0.425 V                              ; 4.17e-10 s                  ; 1.36e-10 s                  ; Yes                        ; No                         ; 3.08 V                      ; 1.91e-08 V                  ; 3.17 V             ; -0.306 V           ; 0.142 V                             ; 0.425 V                             ; 4.17e-10 s                 ; 1.36e-10 s                 ; Yes                       ; No                        ;
; hdmi_tx_d[8]  ; 3.3-V LVTTL  ; 0 s                 ; 0 s                 ; 3.08 V                       ; 1.47e-08 V                   ; 3.11 V              ; -0.195 V            ; 0.108 V                              ; 0.32 V                               ; 4.03e-10 s                  ; 1.44e-10 s                  ; Yes                        ; No                         ; 3.08 V                      ; 1.47e-08 V                  ; 3.11 V             ; -0.195 V           ; 0.108 V                             ; 0.32 V                              ; 4.03e-10 s                 ; 1.44e-10 s                 ; Yes                       ; No                        ;
; hdmi_tx_d[9]  ; 3.3-V LVTTL  ; 0 s                 ; 0 s                 ; 3.08 V                       ; 1.91e-08 V                   ; 3.17 V              ; -0.311 V            ; 0.143 V                              ; 0.424 V                              ; 4.17e-10 s                  ; 1.36e-10 s                  ; Yes                        ; No                         ; 3.08 V                      ; 1.91e-08 V                  ; 3.17 V             ; -0.311 V           ; 0.143 V                             ; 0.424 V                             ; 4.17e-10 s                 ; 1.36e-10 s                 ; Yes                       ; No                        ;
; hdmi_tx_d[10] ; 3.3-V LVTTL  ; 0 s                 ; 0 s                 ; 3.08 V                       ; 1.47e-08 V                   ; 3.11 V              ; -0.195 V            ; 0.108 V                              ; 0.32 V                               ; 4.03e-10 s                  ; 1.44e-10 s                  ; Yes                        ; No                         ; 3.08 V                      ; 1.47e-08 V                  ; 3.11 V             ; -0.195 V           ; 0.108 V                             ; 0.32 V                              ; 4.03e-10 s                 ; 1.44e-10 s                 ; Yes                       ; No                        ;
; hdmi_tx_d[11] ; 3.3-V LVTTL  ; 0 s                 ; 0 s                 ; 3.08 V                       ; 1.91e-08 V                   ; 3.17 V              ; -0.311 V            ; 0.143 V                              ; 0.424 V                              ; 4.17e-10 s                  ; 1.36e-10 s                  ; Yes                        ; No                         ; 3.08 V                      ; 1.91e-08 V                  ; 3.17 V             ; -0.311 V           ; 0.143 V                             ; 0.424 V                             ; 4.17e-10 s                 ; 1.36e-10 s                 ; Yes                       ; No                        ;
; hdmi_tx_d[12] ; 3.3-V LVTTL  ; 0 s                 ; 0 s                 ; 3.08 V                       ; 1.91e-08 V                   ; 3.17 V              ; -0.306 V            ; 0.142 V                              ; 0.425 V                              ; 4.17e-10 s                  ; 1.36e-10 s                  ; Yes                        ; No                         ; 3.08 V                      ; 1.91e-08 V                  ; 3.17 V             ; -0.306 V           ; 0.142 V                             ; 0.425 V                             ; 4.17e-10 s                 ; 1.36e-10 s                 ; Yes                       ; No                        ;
; hdmi_tx_d[13] ; 3.3-V LVTTL  ; 0 s                 ; 0 s                 ; 3.08 V                       ; 1.91e-08 V                   ; 3.17 V              ; -0.311 V            ; 0.143 V                              ; 0.424 V                              ; 4.17e-10 s                  ; 1.36e-10 s                  ; Yes                        ; No                         ; 3.08 V                      ; 1.91e-08 V                  ; 3.17 V             ; -0.311 V           ; 0.143 V                             ; 0.424 V                             ; 4.17e-10 s                 ; 1.36e-10 s                 ; Yes                       ; No                        ;
; hdmi_tx_d[14] ; 3.3-V LVTTL  ; 0 s                 ; 0 s                 ; 3.08 V                       ; 1.91e-08 V                   ; 3.17 V              ; -0.311 V            ; 0.143 V                              ; 0.424 V                              ; 4.17e-10 s                  ; 1.36e-10 s                  ; Yes                        ; No                         ; 3.08 V                      ; 1.91e-08 V                  ; 3.17 V             ; -0.311 V           ; 0.143 V                             ; 0.424 V                             ; 4.17e-10 s                 ; 1.36e-10 s                 ; Yes                       ; No                        ;
; hdmi_tx_d[15] ; 3.3-V LVTTL  ; 0 s                 ; 0 s                 ; 3.08 V                       ; 1.91e-08 V                   ; 3.17 V              ; -0.306 V            ; 0.142 V                              ; 0.425 V                              ; 4.17e-10 s                  ; 1.36e-10 s                  ; Yes                        ; No                         ; 3.08 V                      ; 1.91e-08 V                  ; 3.17 V             ; -0.306 V           ; 0.142 V                             ; 0.425 V                             ; 4.17e-10 s                 ; 1.36e-10 s                 ; Yes                       ; No                        ;
; hdmi_tx_d[16] ; 3.3-V LVTTL  ; 0 s                 ; 0 s                 ; 3.08 V                       ; 1.91e-08 V                   ; 3.17 V              ; -0.306 V            ; 0.142 V                              ; 0.425 V                              ; 4.17e-10 s                  ; 1.36e-10 s                  ; Yes                        ; No                         ; 3.08 V                      ; 1.91e-08 V                  ; 3.17 V             ; -0.306 V           ; 0.142 V                             ; 0.425 V                             ; 4.17e-10 s                 ; 1.36e-10 s                 ; Yes                       ; No                        ;
; hdmi_tx_d[17] ; 3.3-V LVTTL  ; 0 s                 ; 0 s                 ; 3.08 V                       ; 1.91e-08 V                   ; 3.17 V              ; -0.311 V            ; 0.143 V                              ; 0.424 V                              ; 4.17e-10 s                  ; 1.36e-10 s                  ; Yes                        ; No                         ; 3.08 V                      ; 1.91e-08 V                  ; 3.17 V             ; -0.311 V           ; 0.143 V                             ; 0.424 V                             ; 4.17e-10 s                 ; 1.36e-10 s                 ; Yes                       ; No                        ;
; hdmi_tx_d[18] ; 3.3-V LVTTL  ; 0 s                 ; 0 s                 ; 3.08 V                       ; 1.91e-08 V                   ; 3.17 V              ; -0.311 V            ; 0.143 V                              ; 0.424 V                              ; 4.17e-10 s                  ; 1.36e-10 s                  ; Yes                        ; No                         ; 3.08 V                      ; 1.91e-08 V                  ; 3.17 V             ; -0.311 V           ; 0.143 V                             ; 0.424 V                             ; 4.17e-10 s                 ; 1.36e-10 s                 ; Yes                       ; No                        ;
; hdmi_tx_d[19] ; 3.3-V LVTTL  ; 0 s                 ; 0 s                 ; 3.08 V                       ; 1.91e-08 V                   ; 3.17 V              ; -0.311 V            ; 0.143 V                              ; 0.424 V                              ; 4.17e-10 s                  ; 1.36e-10 s                  ; Yes                        ; No                         ; 3.08 V                      ; 1.91e-08 V                  ; 3.17 V             ; -0.311 V           ; 0.143 V                             ; 0.424 V                             ; 4.17e-10 s                 ; 1.36e-10 s                 ; Yes                       ; No                        ;
; hdmi_tx_d[20] ; 3.3-V LVTTL  ; 0 s                 ; 0 s                 ; 3.08 V                       ; 1.91e-08 V                   ; 3.17 V              ; -0.306 V            ; 0.142 V                              ; 0.425 V                              ; 4.17e-10 s                  ; 1.36e-10 s                  ; Yes                        ; No                         ; 3.08 V                      ; 1.91e-08 V                  ; 3.17 V             ; -0.306 V           ; 0.142 V                             ; 0.425 V                             ; 4.17e-10 s                 ; 1.36e-10 s                 ; Yes                       ; No                        ;
; hdmi_tx_d[21] ; 3.3-V LVTTL  ; 0 s                 ; 0 s                 ; 3.08 V                       ; 1.91e-08 V                   ; 3.17 V              ; -0.311 V            ; 0.143 V                              ; 0.424 V                              ; 4.17e-10 s                  ; 1.36e-10 s                  ; Yes                        ; No                         ; 3.08 V                      ; 1.91e-08 V                  ; 3.17 V             ; -0.311 V           ; 0.143 V                             ; 0.424 V                             ; 4.17e-10 s                 ; 1.36e-10 s                 ; Yes                       ; No                        ;
; hdmi_tx_d[22] ; 3.3-V LVTTL  ; 0 s                 ; 0 s                 ; 3.08 V                       ; 1.91e-08 V                   ; 3.17 V              ; -0.311 V            ; 0.143 V                              ; 0.424 V                              ; 4.17e-10 s                  ; 1.36e-10 s                  ; Yes                        ; No                         ; 3.08 V                      ; 1.91e-08 V                  ; 3.17 V             ; -0.311 V           ; 0.143 V                             ; 0.424 V                             ; 4.17e-10 s                 ; 1.36e-10 s                 ; Yes                       ; No                        ;
; hdmi_tx_d[23] ; 3.3-V LVTTL  ; 0 s                 ; 0 s                 ; 3.08 V                       ; 1.91e-08 V                   ; 3.17 V              ; -0.306 V            ; 0.142 V                              ; 0.425 V                              ; 4.17e-10 s                  ; 1.36e-10 s                  ; Yes                        ; No                         ; 3.08 V                      ; 1.91e-08 V                  ; 3.17 V             ; -0.306 V           ; 0.142 V                             ; 0.425 V                             ; 4.17e-10 s                 ; 1.36e-10 s                 ; Yes                       ; No                        ;
; hdmi_i2c_scl  ; 3.3-V LVTTL  ; 0 s                 ; 0 s                 ; 3.08 V                       ; 2e-08 V                      ; 3.17 V              ; -0.245 V            ; 0.166 V                              ; 0.398 V                              ; 4.33e-10 s                  ; 1.46e-10 s                  ; Yes                        ; No                         ; 3.08 V                      ; 2e-08 V                     ; 3.17 V             ; -0.245 V           ; 0.166 V                             ; 0.398 V                             ; 4.33e-10 s                 ; 1.46e-10 s                 ; Yes                       ; No                        ;
; hdmi_i2c_sda  ; 3.3-V LVTTL  ; 0 s                 ; 0 s                 ; 3.08 V                       ; 1.91e-08 V                   ; 3.17 V              ; -0.306 V            ; 0.142 V                              ; 0.425 V                              ; 4.17e-10 s                  ; 1.36e-10 s                  ; Yes                        ; No                         ; 3.08 V                      ; 1.91e-08 V                  ; 3.17 V             ; -0.306 V           ; 0.142 V                             ; 0.425 V                             ; 4.17e-10 s                 ; 1.36e-10 s                 ; Yes                       ; No                        ;
+---------------+--------------+---------------------+---------------------+------------------------------+------------------------------+---------------------+---------------------+--------------------------------------+--------------------------------------+-----------------------------+-----------------------------+----------------------------+----------------------------+-----------------------------+-----------------------------+--------------------+--------------------+-------------------------------------+-------------------------------------+----------------------------+----------------------------+---------------------------+---------------------------+


+--------------------------------------------------------------------------------------------------------------------------------------------------------------------------------------------------------------------------------------------------------------------------------------------------------------------------------------------------------------------------------------------------------------------------------------------------------------------------------------------------------------------------------------------------------------------------------------------------------------------------------------------------------------------------------------------+
; Signal Integrity Metrics (Slow 1100mv 100c Model)                                                                                                                                                                                                                                                                                                                                                                                                                                                                                                                                                                                                                                          ;
+---------------+--------------+---------------------+---------------------+------------------------------+------------------------------+---------------------+---------------------+--------------------------------------+--------------------------------------+-----------------------------+-----------------------------+----------------------------+----------------------------+-----------------------------+-----------------------------+--------------------+--------------------+-------------------------------------+-------------------------------------+----------------------------+----------------------------+---------------------------+---------------------------+
; Pin           ; I/O Standard ; Board Delay on Rise ; Board Delay on Fall ; Steady State Voh at FPGA Pin ; Steady State Vol at FPGA Pin ; Voh Max at FPGA Pin ; Vol Min at FPGA Pin ; Ringback Voltage on Rise at FPGA Pin ; Ringback Voltage on Fall at FPGA Pin ; 10-90 Rise Time at FPGA Pin ; 90-10 Fall Time at FPGA Pin ; Monotonic Rise at FPGA Pin ; Monotonic Fall at FPGA Pin ; Steady State Voh at Far-end ; Steady State Vol at Far-end ; Voh Max at Far-end ; Vol Min at Far-end ; Ringback Voltage on Rise at Far-end ; Ringback Voltage on Fall at Far-end ; 10-90 Rise Time at Far-end ; 90-10 Fall Time at Far-end ; Monotonic Rise at Far-end ; Monotonic Fall at Far-end ;
+---------------+--------------+---------------------+---------------------+------------------------------+------------------------------+---------------------+---------------------+--------------------------------------+--------------------------------------+-----------------------------+-----------------------------+----------------------------+----------------------------+-----------------------------+-----------------------------+--------------------+--------------------+-------------------------------------+-------------------------------------+----------------------------+----------------------------+---------------------------+---------------------------+
; led_o[0]      ; 3.3-V LVTTL  ; 0 s                 ; 0 s                 ; 3.08 V                       ; 3.09e-05 V                   ; 3.09 V              ; -0.0462 V           ; 0.045 V                              ; 0.085 V                              ; 5.49e-10 s                  ; 3.06e-10 s                  ; Yes                        ; Yes                        ; 3.08 V                      ; 3.09e-05 V                  ; 3.09 V             ; -0.0462 V          ; 0.045 V                             ; 0.085 V                             ; 5.49e-10 s                 ; 3.06e-10 s                 ; Yes                       ; Yes                       ;
; led_o[1]      ; 3.3-V LVTTL  ; 0 s                 ; 0 s                 ; 3.08 V                       ; 3.73e-05 V                   ; 3.11 V              ; -0.104 V            ; 0.101 V                              ; 0.139 V                              ; 5.54e-10 s                  ; 3.16e-10 s                  ; Yes                        ; Yes                        ; 3.08 V                      ; 3.73e-05 V                  ; 3.11 V             ; -0.104 V           ; 0.101 V                             ; 0.139 V                             ; 5.54e-10 s                 ; 3.16e-10 s                 ; Yes                       ; Yes                       ;
; led_o[2]      ; 3.3-V LVTTL  ; 0 s                 ; 0 s                 ; 3.08 V                       ; 3.87e-05 V                   ; 3.11 V              ; -0.0814 V           ; 0.131 V                              ; 0.136 V                              ; 5.88e-10 s                  ; 3.2e-10 s                   ; Yes                        ; Yes                        ; 3.08 V                      ; 3.87e-05 V                  ; 3.11 V             ; -0.0814 V          ; 0.131 V                             ; 0.136 V                             ; 5.88e-10 s                 ; 3.2e-10 s                  ; Yes                       ; Yes                       ;
; led_o[3]      ; 3.3-V LVTTL  ; 0 s                 ; 0 s                 ; 3.08 V                       ; 3.09e-05 V                   ; 3.09 V              ; -0.0462 V           ; 0.045 V                              ; 0.085 V                              ; 5.49e-10 s                  ; 3.06e-10 s                  ; Yes                        ; Yes                        ; 3.08 V                      ; 3.09e-05 V                  ; 3.09 V             ; -0.0462 V          ; 0.045 V                             ; 0.085 V                             ; 5.49e-10 s                 ; 3.06e-10 s                 ; Yes                       ; Yes                       ;
; led_o[4]      ; 3.3-V LVTTL  ; 0 s                 ; 0 s                 ; 3.08 V                       ; 3.73e-05 V                   ; 3.11 V              ; -0.104 V            ; 0.101 V                              ; 0.139 V                              ; 5.54e-10 s                  ; 3.16e-10 s                  ; Yes                        ; Yes                        ; 3.08 V                      ; 3.73e-05 V                  ; 3.11 V             ; -0.104 V           ; 0.101 V                             ; 0.139 V                             ; 5.54e-10 s                 ; 3.16e-10 s                 ; Yes                       ; Yes                       ;
; led_o[5]      ; 3.3-V LVTTL  ; 0 s                 ; 0 s                 ; 3.08 V                       ; 3.73e-05 V                   ; 3.11 V              ; -0.105 V            ; 0.101 V                              ; 0.142 V                              ; 5.54e-10 s                  ; 3.16e-10 s                  ; Yes                        ; Yes                        ; 3.08 V                      ; 3.73e-05 V                  ; 3.11 V             ; -0.105 V           ; 0.101 V                             ; 0.142 V                             ; 5.54e-10 s                 ; 3.16e-10 s                 ; Yes                       ; Yes                       ;
; led_o[6]      ; 3.3-V LVTTL  ; 0 s                 ; 0 s                 ; 3.08 V                       ; 3.87e-05 V                   ; 3.11 V              ; -0.0814 V           ; 0.131 V                              ; 0.136 V                              ; 5.88e-10 s                  ; 3.2e-10 s                   ; Yes                        ; Yes                        ; 3.08 V                      ; 3.87e-05 V                  ; 3.11 V             ; -0.0814 V          ; 0.131 V                             ; 0.136 V                             ; 5.88e-10 s                 ; 3.2e-10 s                  ; Yes                       ; Yes                       ;
; led_o[7]      ; 3.3-V LVTTL  ; 0 s                 ; 0 s                 ; 3.08 V                       ; 3.73e-05 V                   ; 3.11 V              ; -0.105 V            ; 0.101 V                              ; 0.142 V                              ; 5.54e-10 s                  ; 3.16e-10 s                  ; Yes                        ; Yes                        ; 3.08 V                      ; 3.73e-05 V                  ; 3.11 V             ; -0.105 V           ; 0.101 V                             ; 0.142 V                             ; 5.54e-10 s                 ; 3.16e-10 s                 ; Yes                       ; Yes                       ;
; hdmi_tx_clk   ; 3.3-V LVTTL  ; 0 s                 ; 0 s                 ; 3.08 V                       ; 3.73e-05 V                   ; 3.11 V              ; -0.104 V            ; 0.101 V                              ; 0.139 V                              ; 5.54e-10 s                  ; 3.16e-10 s                  ; Yes                        ; Yes                        ; 3.08 V                      ; 3.73e-05 V                  ; 3.11 V             ; -0.104 V           ; 0.101 V                             ; 0.139 V                             ; 5.54e-10 s                 ; 3.16e-10 s                 ; Yes                       ; Yes                       ;
; hdmi_tx_de    ; 3.3-V LVTTL  ; 0 s                 ; 0 s                 ; 3.08 V                       ; 3.09e-05 V                   ; 3.09 V              ; -0.0462 V           ; 0.045 V                              ; 0.085 V                              ; 5.49e-10 s                  ; 3.06e-10 s                  ; Yes                        ; Yes                        ; 3.08 V                      ; 3.09e-05 V                  ; 3.09 V             ; -0.0462 V          ; 0.045 V                             ; 0.085 V                             ; 5.49e-10 s                 ; 3.06e-10 s                 ; Yes                       ; Yes                       ;
; hdmi_tx_hs    ; 3.3-V LVTTL  ; 0 s                 ; 0 s                 ; 3.08 V                       ; 3.09e-05 V                   ; 3.09 V              ; -0.0462 V           ; 0.045 V                              ; 0.085 V                              ; 5.49e-10 s                  ; 3.06e-10 s                  ; Yes                        ; Yes                        ; 3.08 V                      ; 3.09e-05 V                  ; 3.09 V             ; -0.0462 V          ; 0.045 V                             ; 0.085 V                             ; 5.49e-10 s                 ; 3.06e-10 s                 ; Yes                       ; Yes                       ;
; hdmi_tx_vs    ; 3.3-V LVTTL  ; 0 s                 ; 0 s                 ; 3.08 V                       ; 3.09e-05 V                   ; 3.09 V              ; -0.0462 V           ; 0.045 V                              ; 0.085 V                              ; 5.49e-10 s                  ; 3.06e-10 s                  ; Yes                        ; Yes                        ; 3.08 V                      ; 3.09e-05 V                  ; 3.09 V             ; -0.0462 V          ; 0.045 V                             ; 0.085 V                             ; 5.49e-10 s                 ; 3.06e-10 s                 ; Yes                       ; Yes                       ;
; hdmi_tx_d[0]  ; 3.3-V LVTTL  ; 0 s                 ; 0 s                 ; 3.08 V                       ; 3.09e-05 V                   ; 3.09 V              ; -0.0462 V           ; 0.045 V                              ; 0.085 V                              ; 5.49e-10 s                  ; 3.06e-10 s                  ; Yes                        ; Yes                        ; 3.08 V                      ; 3.09e-05 V                  ; 3.09 V             ; -0.0462 V          ; 0.045 V                             ; 0.085 V                             ; 5.49e-10 s                 ; 3.06e-10 s                 ; Yes                       ; Yes                       ;
; hdmi_tx_d[1]  ; 3.3-V LVTTL  ; 0 s                 ; 0 s                 ; 3.08 V                       ; 3.87e-05 V                   ; 3.11 V              ; -0.0814 V           ; 0.131 V                              ; 0.136 V                              ; 5.88e-10 s                  ; 3.2e-10 s                   ; Yes                        ; Yes                        ; 3.08 V                      ; 3.87e-05 V                  ; 3.11 V             ; -0.0814 V          ; 0.131 V                             ; 0.136 V                             ; 5.88e-10 s                 ; 3.2e-10 s                  ; Yes                       ; Yes                       ;
; hdmi_tx_d[2]  ; 3.3-V LVTTL  ; 0 s                 ; 0 s                 ; 3.08 V                       ; 3.87e-05 V                   ; 3.11 V              ; -0.0814 V           ; 0.131 V                              ; 0.136 V                              ; 5.88e-10 s                  ; 3.2e-10 s                   ; Yes                        ; Yes                        ; 3.08 V                      ; 3.87e-05 V                  ; 3.11 V             ; -0.0814 V          ; 0.131 V                             ; 0.136 V                             ; 5.88e-10 s                 ; 3.2e-10 s                  ; Yes                       ; Yes                       ;
; hdmi_tx_d[3]  ; 3.3-V LVTTL  ; 0 s                 ; 0 s                 ; 3.08 V                       ; 3.09e-05 V                   ; 3.09 V              ; -0.0462 V           ; 0.045 V                              ; 0.085 V                              ; 5.49e-10 s                  ; 3.06e-10 s                  ; Yes                        ; Yes                        ; 3.08 V                      ; 3.09e-05 V                  ; 3.09 V             ; -0.0462 V          ; 0.045 V                             ; 0.085 V                             ; 5.49e-10 s                 ; 3.06e-10 s                 ; Yes                       ; Yes                       ;
; hdmi_tx_d[4]  ; 3.3-V LVTTL  ; 0 s                 ; 0 s                 ; 3.08 V                       ; 3.87e-05 V                   ; 3.11 V              ; -0.0814 V           ; 0.131 V                              ; 0.136 V                              ; 5.88e-10 s                  ; 3.2e-10 s                   ; Yes                        ; Yes                        ; 3.08 V                      ; 3.87e-05 V                  ; 3.11 V             ; -0.0814 V          ; 0.131 V                             ; 0.136 V                             ; 5.88e-10 s                 ; 3.2e-10 s                  ; Yes                       ; Yes                       ;
; hdmi_tx_d[5]  ; 3.3-V LVTTL  ; 0 s                 ; 0 s                 ; 3.08 V                       ; 3.87e-05 V                   ; 3.11 V              ; -0.0814 V           ; 0.131 V                              ; 0.136 V                              ; 5.88e-10 s                  ; 3.2e-10 s                   ; Yes                        ; Yes                        ; 3.08 V                      ; 3.87e-05 V                  ; 3.11 V             ; -0.0814 V          ; 0.131 V                             ; 0.136 V                             ; 5.88e-10 s                 ; 3.2e-10 s                  ; Yes                       ; Yes                       ;
; hdmi_tx_d[6]  ; 3.3-V LVTTL  ; 0 s                 ; 0 s                 ; 3.08 V                       ; 3.09e-05 V                   ; 3.09 V              ; -0.0462 V           ; 0.045 V                              ; 0.085 V                              ; 5.49e-10 s                  ; 3.06e-10 s                  ; Yes                        ; Yes                        ; 3.08 V                      ; 3.09e-05 V                  ; 3.09 V             ; -0.0462 V          ; 0.045 V                             ; 0.085 V                             ; 5.49e-10 s                 ; 3.06e-10 s                 ; Yes                       ; Yes                       ;
; hdmi_tx_d[7]  ; 3.3-V LVTTL  ; 0 s                 ; 0 s                 ; 3.08 V                       ; 3.73e-05 V                   ; 3.11 V              ; -0.104 V            ; 0.101 V                              ; 0.139 V                              ; 5.54e-10 s                  ; 3.16e-10 s                  ; Yes                        ; Yes                        ; 3.08 V                      ; 3.73e-05 V                  ; 3.11 V             ; -0.104 V           ; 0.101 V                             ; 0.139 V                             ; 5.54e-10 s                 ; 3.16e-10 s                 ; Yes                       ; Yes                       ;
; hdmi_tx_d[8]  ; 3.3-V LVTTL  ; 0 s                 ; 0 s                 ; 3.08 V                       ; 3.09e-05 V                   ; 3.09 V              ; -0.0462 V           ; 0.045 V                              ; 0.085 V                              ; 5.49e-10 s                  ; 3.06e-10 s                  ; Yes                        ; Yes                        ; 3.08 V                      ; 3.09e-05 V                  ; 3.09 V             ; -0.0462 V          ; 0.045 V                             ; 0.085 V                             ; 5.49e-10 s                 ; 3.06e-10 s                 ; Yes                       ; Yes                       ;
; hdmi_tx_d[9]  ; 3.3-V LVTTL  ; 0 s                 ; 0 s                 ; 3.08 V                       ; 3.73e-05 V                   ; 3.11 V              ; -0.105 V            ; 0.101 V                              ; 0.142 V                              ; 5.54e-10 s                  ; 3.16e-10 s                  ; Yes                        ; Yes                        ; 3.08 V                      ; 3.73e-05 V                  ; 3.11 V             ; -0.105 V           ; 0.101 V                             ; 0.142 V                             ; 5.54e-10 s                 ; 3.16e-10 s                 ; Yes                       ; Yes                       ;
; hdmi_tx_d[10] ; 3.3-V LVTTL  ; 0 s                 ; 0 s                 ; 3.08 V                       ; 3.09e-05 V                   ; 3.09 V              ; -0.0462 V           ; 0.045 V                              ; 0.085 V                              ; 5.49e-10 s                  ; 3.06e-10 s                  ; Yes                        ; Yes                        ; 3.08 V                      ; 3.09e-05 V                  ; 3.09 V             ; -0.0462 V          ; 0.045 V                             ; 0.085 V                             ; 5.49e-10 s                 ; 3.06e-10 s                 ; Yes                       ; Yes                       ;
; hdmi_tx_d[11] ; 3.3-V LVTTL  ; 0 s                 ; 0 s                 ; 3.08 V                       ; 3.73e-05 V                   ; 3.11 V              ; -0.105 V            ; 0.101 V                              ; 0.142 V                              ; 5.54e-10 s                  ; 3.16e-10 s                  ; Yes                        ; Yes                        ; 3.08 V                      ; 3.73e-05 V                  ; 3.11 V             ; -0.105 V           ; 0.101 V                             ; 0.142 V                             ; 5.54e-10 s                 ; 3.16e-10 s                 ; Yes                       ; Yes                       ;
; hdmi_tx_d[12] ; 3.3-V LVTTL  ; 0 s                 ; 0 s                 ; 3.08 V                       ; 3.73e-05 V                   ; 3.11 V              ; -0.104 V            ; 0.101 V                              ; 0.139 V                              ; 5.54e-10 s                  ; 3.16e-10 s                  ; Yes                        ; Yes                        ; 3.08 V                      ; 3.73e-05 V                  ; 3.11 V             ; -0.104 V           ; 0.101 V                             ; 0.139 V                             ; 5.54e-10 s                 ; 3.16e-10 s                 ; Yes                       ; Yes                       ;
; hdmi_tx_d[13] ; 3.3-V LVTTL  ; 0 s                 ; 0 s                 ; 3.08 V                       ; 3.73e-05 V                   ; 3.11 V              ; -0.105 V            ; 0.101 V                              ; 0.142 V                              ; 5.54e-10 s                  ; 3.16e-10 s                  ; Yes                        ; Yes                        ; 3.08 V                      ; 3.73e-05 V                  ; 3.11 V             ; -0.105 V           ; 0.101 V                             ; 0.142 V                             ; 5.54e-10 s                 ; 3.16e-10 s                 ; Yes                       ; Yes                       ;
; hdmi_tx_d[14] ; 3.3-V LVTTL  ; 0 s                 ; 0 s                 ; 3.08 V                       ; 3.73e-05 V                   ; 3.11 V              ; -0.105 V            ; 0.101 V                              ; 0.142 V                              ; 5.54e-10 s                  ; 3.16e-10 s                  ; Yes                        ; Yes                        ; 3.08 V                      ; 3.73e-05 V                  ; 3.11 V             ; -0.105 V           ; 0.101 V                             ; 0.142 V                             ; 5.54e-10 s                 ; 3.16e-10 s                 ; Yes                       ; Yes                       ;
; hdmi_tx_d[15] ; 3.3-V LVTTL  ; 0 s                 ; 0 s                 ; 3.08 V                       ; 3.73e-05 V                   ; 3.11 V              ; -0.104 V            ; 0.101 V                              ; 0.139 V                              ; 5.54e-10 s                  ; 3.16e-10 s                  ; Yes                        ; Yes                        ; 3.08 V                      ; 3.73e-05 V                  ; 3.11 V             ; -0.104 V           ; 0.101 V                             ; 0.139 V                             ; 5.54e-10 s                 ; 3.16e-10 s                 ; Yes                       ; Yes                       ;
; hdmi_tx_d[16] ; 3.3-V LVTTL  ; 0 s                 ; 0 s                 ; 3.08 V                       ; 3.73e-05 V                   ; 3.11 V              ; -0.104 V            ; 0.101 V                              ; 0.139 V                              ; 5.54e-10 s                  ; 3.16e-10 s                  ; Yes                        ; Yes                        ; 3.08 V                      ; 3.73e-05 V                  ; 3.11 V             ; -0.104 V           ; 0.101 V                             ; 0.139 V                             ; 5.54e-10 s                 ; 3.16e-10 s                 ; Yes                       ; Yes                       ;
; hdmi_tx_d[17] ; 3.3-V LVTTL  ; 0 s                 ; 0 s                 ; 3.08 V                       ; 3.73e-05 V                   ; 3.11 V              ; -0.105 V            ; 0.101 V                              ; 0.142 V                              ; 5.54e-10 s                  ; 3.16e-10 s                  ; Yes                        ; Yes                        ; 3.08 V                      ; 3.73e-05 V                  ; 3.11 V             ; -0.105 V           ; 0.101 V                             ; 0.142 V                             ; 5.54e-10 s                 ; 3.16e-10 s                 ; Yes                       ; Yes                       ;
; hdmi_tx_d[18] ; 3.3-V LVTTL  ; 0 s                 ; 0 s                 ; 3.08 V                       ; 3.73e-05 V                   ; 3.11 V              ; -0.105 V            ; 0.101 V                              ; 0.142 V                              ; 5.54e-10 s                  ; 3.16e-10 s                  ; Yes                        ; Yes                        ; 3.08 V                      ; 3.73e-05 V                  ; 3.11 V             ; -0.105 V           ; 0.101 V                             ; 0.142 V                             ; 5.54e-10 s                 ; 3.16e-10 s                 ; Yes                       ; Yes                       ;
; hdmi_tx_d[19] ; 3.3-V LVTTL  ; 0 s                 ; 0 s                 ; 3.08 V                       ; 3.73e-05 V                   ; 3.11 V              ; -0.105 V            ; 0.101 V                              ; 0.142 V                              ; 5.54e-10 s                  ; 3.16e-10 s                  ; Yes                        ; Yes                        ; 3.08 V                      ; 3.73e-05 V                  ; 3.11 V             ; -0.105 V           ; 0.101 V                             ; 0.142 V                             ; 5.54e-10 s                 ; 3.16e-10 s                 ; Yes                       ; Yes                       ;
; hdmi_tx_d[20] ; 3.3-V LVTTL  ; 0 s                 ; 0 s                 ; 3.08 V                       ; 3.73e-05 V                   ; 3.11 V              ; -0.104 V            ; 0.101 V                              ; 0.139 V                              ; 5.54e-10 s                  ; 3.16e-10 s                  ; Yes                        ; Yes                        ; 3.08 V                      ; 3.73e-05 V                  ; 3.11 V             ; -0.104 V           ; 0.101 V                             ; 0.139 V                             ; 5.54e-10 s                 ; 3.16e-10 s                 ; Yes                       ; Yes                       ;
; hdmi_tx_d[21] ; 3.3-V LVTTL  ; 0 s                 ; 0 s                 ; 3.08 V                       ; 3.73e-05 V                   ; 3.11 V              ; -0.105 V            ; 0.101 V                              ; 0.142 V                              ; 5.54e-10 s                  ; 3.16e-10 s                  ; Yes                        ; Yes                        ; 3.08 V                      ; 3.73e-05 V                  ; 3.11 V             ; -0.105 V           ; 0.101 V                             ; 0.142 V                             ; 5.54e-10 s                 ; 3.16e-10 s                 ; Yes                       ; Yes                       ;
; hdmi_tx_d[22] ; 3.3-V LVTTL  ; 0 s                 ; 0 s                 ; 3.08 V                       ; 3.73e-05 V                   ; 3.11 V              ; -0.105 V            ; 0.101 V                              ; 0.142 V                              ; 5.54e-10 s                  ; 3.16e-10 s                  ; Yes                        ; Yes                        ; 3.08 V                      ; 3.73e-05 V                  ; 3.11 V             ; -0.105 V           ; 0.101 V                             ; 0.142 V                             ; 5.54e-10 s                 ; 3.16e-10 s                 ; Yes                       ; Yes                       ;
; hdmi_tx_d[23] ; 3.3-V LVTTL  ; 0 s                 ; 0 s                 ; 3.08 V                       ; 3.73e-05 V                   ; 3.11 V              ; -0.104 V            ; 0.101 V                              ; 0.139 V                              ; 5.54e-10 s                  ; 3.16e-10 s                  ; Yes                        ; Yes                        ; 3.08 V                      ; 3.73e-05 V                  ; 3.11 V             ; -0.104 V           ; 0.101 V                             ; 0.139 V                             ; 5.54e-10 s                 ; 3.16e-10 s                 ; Yes                       ; Yes                       ;
; hdmi_i2c_scl  ; 3.3-V LVTTL  ; 0 s                 ; 0 s                 ; 3.08 V                       ; 3.87e-05 V                   ; 3.11 V              ; -0.0814 V           ; 0.131 V                              ; 0.136 V                              ; 5.88e-10 s                  ; 3.2e-10 s                   ; Yes                        ; Yes                        ; 3.08 V                      ; 3.87e-05 V                  ; 3.11 V             ; -0.0814 V          ; 0.131 V                             ; 0.136 V                             ; 5.88e-10 s                 ; 3.2e-10 s                  ; Yes                       ; Yes                       ;
; hdmi_i2c_sda  ; 3.3-V LVTTL  ; 0 s                 ; 0 s                 ; 3.08 V                       ; 3.73e-05 V                   ; 3.11 V              ; -0.104 V            ; 0.101 V                              ; 0.139 V                              ; 5.54e-10 s                  ; 3.16e-10 s                  ; Yes                        ; Yes                        ; 3.08 V                      ; 3.73e-05 V                  ; 3.11 V             ; -0.104 V           ; 0.101 V                             ; 0.139 V                             ; 5.54e-10 s                 ; 3.16e-10 s                 ; Yes                       ; Yes                       ;
+---------------+--------------+---------------------+---------------------+------------------------------+------------------------------+---------------------+---------------------+--------------------------------------+--------------------------------------+-----------------------------+-----------------------------+----------------------------+----------------------------+-----------------------------+-----------------------------+--------------------+--------------------+-------------------------------------+-------------------------------------+----------------------------+----------------------------+---------------------------+---------------------------+


+--------------------------------------------------------------------------------------------------------------------------------------------------------------------------------------------------------------------------------------------------------------------------------------------------------------------------------------------------------------------------------------------------------------------------------------------------------------------------------------------------------------------------------------------------------------------------------------------------------------------------------------------------------------------------------------------+
; Signal Integrity Metrics (Fast 1100mv n40c Model)                                                                                                                                                                                                                                                                                                                                                                                                                                                                                                                                                                                                                                          ;
+---------------+--------------+---------------------+---------------------+------------------------------+------------------------------+---------------------+---------------------+--------------------------------------+--------------------------------------+-----------------------------+-----------------------------+----------------------------+----------------------------+-----------------------------+-----------------------------+--------------------+--------------------+-------------------------------------+-------------------------------------+----------------------------+----------------------------+---------------------------+---------------------------+
; Pin           ; I/O Standard ; Board Delay on Rise ; Board Delay on Fall ; Steady State Voh at FPGA Pin ; Steady State Vol at FPGA Pin ; Voh Max at FPGA Pin ; Vol Min at FPGA Pin ; Ringback Voltage on Rise at FPGA Pin ; Ringback Voltage on Fall at FPGA Pin ; 10-90 Rise Time at FPGA Pin ; 90-10 Fall Time at FPGA Pin ; Monotonic Rise at FPGA Pin ; Monotonic Fall at FPGA Pin ; Steady State Voh at Far-end ; Steady State Vol at Far-end ; Voh Max at Far-end ; Vol Min at Far-end ; Ringback Voltage on Rise at Far-end ; Ringback Voltage on Fall at Far-end ; 10-90 Rise Time at Far-end ; 90-10 Fall Time at Far-end ; Monotonic Rise at Far-end ; Monotonic Fall at Far-end ;
+---------------+--------------+---------------------+---------------------+------------------------------+------------------------------+---------------------+---------------------+--------------------------------------+--------------------------------------+-----------------------------+-----------------------------+----------------------------+----------------------------+-----------------------------+-----------------------------+--------------------+--------------------+-------------------------------------+-------------------------------------+----------------------------+----------------------------+---------------------------+---------------------------+
; led_o[0]      ; 3.3-V LVTTL  ; 0 s                 ; 0 s                 ; 3.63 V                       ; 3.38e-07 V                   ; 3.67 V              ; -0.403 V            ; 0.084 V                              ; 0.542 V                              ; 3.5e-10 s                   ; 1.32e-10 s                  ; Yes                        ; No                         ; 3.63 V                      ; 3.38e-07 V                  ; 3.67 V             ; -0.403 V           ; 0.084 V                             ; 0.542 V                             ; 3.5e-10 s                  ; 1.32e-10 s                 ; Yes                       ; No                        ;
; led_o[1]      ; 3.3-V LVTTL  ; 0 s                 ; 0 s                 ; 3.63 V                       ; 4.42e-07 V                   ; 3.75 V              ; -0.588 V            ; 0.329 V                              ; 0.704 V                              ; 2.77e-10 s                  ; 1.3e-10 s                   ; Yes                        ; No                         ; 3.63 V                      ; 4.42e-07 V                  ; 3.75 V             ; -0.588 V           ; 0.329 V                             ; 0.704 V                             ; 2.77e-10 s                 ; 1.3e-10 s                  ; Yes                       ; No                        ;
; led_o[2]      ; 3.3-V LVTTL  ; 0 s                 ; 0 s                 ; 3.63 V                       ; 4.64e-07 V                   ; 3.74 V              ; -0.508 V            ; 0.391 V                              ; 0.647 V                              ; 3.08e-10 s                  ; 1.34e-10 s                  ; No                         ; No                         ; 3.63 V                      ; 4.64e-07 V                  ; 3.74 V             ; -0.508 V           ; 0.391 V                             ; 0.647 V                             ; 3.08e-10 s                 ; 1.34e-10 s                 ; No                        ; No                        ;
; led_o[3]      ; 3.3-V LVTTL  ; 0 s                 ; 0 s                 ; 3.63 V                       ; 3.38e-07 V                   ; 3.67 V              ; -0.403 V            ; 0.084 V                              ; 0.542 V                              ; 3.5e-10 s                   ; 1.32e-10 s                  ; Yes                        ; No                         ; 3.63 V                      ; 3.38e-07 V                  ; 3.67 V             ; -0.403 V           ; 0.084 V                             ; 0.542 V                             ; 3.5e-10 s                  ; 1.32e-10 s                 ; Yes                       ; No                        ;
; led_o[4]      ; 3.3-V LVTTL  ; 0 s                 ; 0 s                 ; 3.63 V                       ; 4.42e-07 V                   ; 3.75 V              ; -0.588 V            ; 0.329 V                              ; 0.704 V                              ; 2.77e-10 s                  ; 1.3e-10 s                   ; Yes                        ; No                         ; 3.63 V                      ; 4.42e-07 V                  ; 3.75 V             ; -0.588 V           ; 0.329 V                             ; 0.704 V                             ; 2.77e-10 s                 ; 1.3e-10 s                  ; Yes                       ; No                        ;
; led_o[5]      ; 3.3-V LVTTL  ; 0 s                 ; 0 s                 ; 3.63 V                       ; 4.42e-07 V                   ; 3.75 V              ; -0.589 V            ; 0.329 V                              ; 0.706 V                              ; 2.77e-10 s                  ; 1.3e-10 s                   ; Yes                        ; No                         ; 3.63 V                      ; 4.42e-07 V                  ; 3.75 V             ; -0.589 V           ; 0.329 V                             ; 0.706 V                             ; 2.77e-10 s                 ; 1.3e-10 s                  ; Yes                       ; No                        ;
; led_o[6]      ; 3.3-V LVTTL  ; 0 s                 ; 0 s                 ; 3.63 V                       ; 4.64e-07 V                   ; 3.74 V              ; -0.508 V            ; 0.391 V                              ; 0.647 V                              ; 3.08e-10 s                  ; 1.34e-10 s                  ; No                         ; No                         ; 3.63 V                      ; 4.64e-07 V                  ; 3.74 V             ; -0.508 V           ; 0.391 V                             ; 0.647 V                             ; 3.08e-10 s                 ; 1.34e-10 s                 ; No                        ; No                        ;
; led_o[7]      ; 3.3-V LVTTL  ; 0 s                 ; 0 s                 ; 3.63 V                       ; 4.42e-07 V                   ; 3.75 V              ; -0.589 V            ; 0.329 V                              ; 0.706 V                              ; 2.77e-10 s                  ; 1.3e-10 s                   ; Yes                        ; No                         ; 3.63 V                      ; 4.42e-07 V                  ; 3.75 V             ; -0.589 V           ; 0.329 V                             ; 0.706 V                             ; 2.77e-10 s                 ; 1.3e-10 s                  ; Yes                       ; No                        ;
; hdmi_tx_clk   ; 3.3-V LVTTL  ; 0 s                 ; 0 s                 ; 3.63 V                       ; 4.42e-07 V                   ; 3.75 V              ; -0.588 V            ; 0.329 V                              ; 0.704 V                              ; 2.77e-10 s                  ; 1.3e-10 s                   ; Yes                        ; No                         ; 3.63 V                      ; 4.42e-07 V                  ; 3.75 V             ; -0.588 V           ; 0.329 V                             ; 0.704 V                             ; 2.77e-10 s                 ; 1.3e-10 s                  ; Yes                       ; No                        ;
; hdmi_tx_de    ; 3.3-V LVTTL  ; 0 s                 ; 0 s                 ; 3.63 V                       ; 3.38e-07 V                   ; 3.67 V              ; -0.403 V            ; 0.084 V                              ; 0.542 V                              ; 3.5e-10 s                   ; 1.32e-10 s                  ; Yes                        ; No                         ; 3.63 V                      ; 3.38e-07 V                  ; 3.67 V             ; -0.403 V           ; 0.084 V                             ; 0.542 V                             ; 3.5e-10 s                  ; 1.32e-10 s                 ; Yes                       ; No                        ;
; hdmi_tx_hs    ; 3.3-V LVTTL  ; 0 s                 ; 0 s                 ; 3.63 V                       ; 3.38e-07 V                   ; 3.67 V              ; -0.403 V            ; 0.084 V                              ; 0.542 V                              ; 3.5e-10 s                   ; 1.32e-10 s                  ; Yes                        ; No                         ; 3.63 V                      ; 3.38e-07 V                  ; 3.67 V             ; -0.403 V           ; 0.084 V                             ; 0.542 V                             ; 3.5e-10 s                  ; 1.32e-10 s                 ; Yes                       ; No                        ;
; hdmi_tx_vs    ; 3.3-V LVTTL  ; 0 s                 ; 0 s                 ; 3.63 V                       ; 3.38e-07 V                   ; 3.67 V              ; -0.403 V            ; 0.084 V                              ; 0.542 V                              ; 3.5e-10 s                   ; 1.32e-10 s                  ; Yes                        ; No                         ; 3.63 V                      ; 3.38e-07 V                  ; 3.67 V             ; -0.403 V           ; 0.084 V                             ; 0.542 V                             ; 3.5e-10 s                  ; 1.32e-10 s                 ; Yes                       ; No                        ;
; hdmi_tx_d[0]  ; 3.3-V LVTTL  ; 0 s                 ; 0 s                 ; 3.63 V                       ; 3.38e-07 V                   ; 3.67 V              ; -0.403 V            ; 0.084 V                              ; 0.542 V                              ; 3.5e-10 s                   ; 1.32e-10 s                  ; Yes                        ; No                         ; 3.63 V                      ; 3.38e-07 V                  ; 3.67 V             ; -0.403 V           ; 0.084 V                             ; 0.542 V                             ; 3.5e-10 s                  ; 1.32e-10 s                 ; Yes                       ; No                        ;
; hdmi_tx_d[1]  ; 3.3-V LVTTL  ; 0 s                 ; 0 s                 ; 3.63 V                       ; 4.64e-07 V                   ; 3.74 V              ; -0.508 V            ; 0.391 V                              ; 0.647 V                              ; 3.08e-10 s                  ; 1.34e-10 s                  ; No                         ; No                         ; 3.63 V                      ; 4.64e-07 V                  ; 3.74 V             ; -0.508 V           ; 0.391 V                             ; 0.647 V                             ; 3.08e-10 s                 ; 1.34e-10 s                 ; No                        ; No                        ;
; hdmi_tx_d[2]  ; 3.3-V LVTTL  ; 0 s                 ; 0 s                 ; 3.63 V                       ; 4.64e-07 V                   ; 3.74 V              ; -0.508 V            ; 0.391 V                              ; 0.647 V                              ; 3.08e-10 s                  ; 1.34e-10 s                  ; No                         ; No                         ; 3.63 V                      ; 4.64e-07 V                  ; 3.74 V             ; -0.508 V           ; 0.391 V                             ; 0.647 V                             ; 3.08e-10 s                 ; 1.34e-10 s                 ; No                        ; No                        ;
; hdmi_tx_d[3]  ; 3.3-V LVTTL  ; 0 s                 ; 0 s                 ; 3.63 V                       ; 3.38e-07 V                   ; 3.67 V              ; -0.403 V            ; 0.084 V                              ; 0.542 V                              ; 3.5e-10 s                   ; 1.32e-10 s                  ; Yes                        ; No                         ; 3.63 V                      ; 3.38e-07 V                  ; 3.67 V             ; -0.403 V           ; 0.084 V                             ; 0.542 V                             ; 3.5e-10 s                  ; 1.32e-10 s                 ; Yes                       ; No                        ;
; hdmi_tx_d[4]  ; 3.3-V LVTTL  ; 0 s                 ; 0 s                 ; 3.63 V                       ; 4.64e-07 V                   ; 3.74 V              ; -0.508 V            ; 0.391 V                              ; 0.647 V                              ; 3.08e-10 s                  ; 1.34e-10 s                  ; No                         ; No                         ; 3.63 V                      ; 4.64e-07 V                  ; 3.74 V             ; -0.508 V           ; 0.391 V                             ; 0.647 V                             ; 3.08e-10 s                 ; 1.34e-10 s                 ; No                        ; No                        ;
; hdmi_tx_d[5]  ; 3.3-V LVTTL  ; 0 s                 ; 0 s                 ; 3.63 V                       ; 4.64e-07 V                   ; 3.74 V              ; -0.508 V            ; 0.391 V                              ; 0.647 V                              ; 3.08e-10 s                  ; 1.34e-10 s                  ; No                         ; No                         ; 3.63 V                      ; 4.64e-07 V                  ; 3.74 V             ; -0.508 V           ; 0.391 V                             ; 0.647 V                             ; 3.08e-10 s                 ; 1.34e-10 s                 ; No                        ; No                        ;
; hdmi_tx_d[6]  ; 3.3-V LVTTL  ; 0 s                 ; 0 s                 ; 3.63 V                       ; 3.38e-07 V                   ; 3.67 V              ; -0.403 V            ; 0.084 V                              ; 0.542 V                              ; 3.5e-10 s                   ; 1.32e-10 s                  ; Yes                        ; No                         ; 3.63 V                      ; 3.38e-07 V                  ; 3.67 V             ; -0.403 V           ; 0.084 V                             ; 0.542 V                             ; 3.5e-10 s                  ; 1.32e-10 s                 ; Yes                       ; No                        ;
; hdmi_tx_d[7]  ; 3.3-V LVTTL  ; 0 s                 ; 0 s                 ; 3.63 V                       ; 4.42e-07 V                   ; 3.75 V              ; -0.588 V            ; 0.329 V                              ; 0.704 V                              ; 2.77e-10 s                  ; 1.3e-10 s                   ; Yes                        ; No                         ; 3.63 V                      ; 4.42e-07 V                  ; 3.75 V             ; -0.588 V           ; 0.329 V                             ; 0.704 V                             ; 2.77e-10 s                 ; 1.3e-10 s                  ; Yes                       ; No                        ;
; hdmi_tx_d[8]  ; 3.3-V LVTTL  ; 0 s                 ; 0 s                 ; 3.63 V                       ; 3.38e-07 V                   ; 3.67 V              ; -0.403 V            ; 0.084 V                              ; 0.542 V                              ; 3.5e-10 s                   ; 1.32e-10 s                  ; Yes                        ; No                         ; 3.63 V                      ; 3.38e-07 V                  ; 3.67 V             ; -0.403 V           ; 0.084 V                             ; 0.542 V                             ; 3.5e-10 s                  ; 1.32e-10 s                 ; Yes                       ; No                        ;
; hdmi_tx_d[9]  ; 3.3-V LVTTL  ; 0 s                 ; 0 s                 ; 3.63 V                       ; 4.42e-07 V                   ; 3.75 V              ; -0.589 V            ; 0.329 V                              ; 0.706 V                              ; 2.77e-10 s                  ; 1.3e-10 s                   ; Yes                        ; No                         ; 3.63 V                      ; 4.42e-07 V                  ; 3.75 V             ; -0.589 V           ; 0.329 V                             ; 0.706 V                             ; 2.77e-10 s                 ; 1.3e-10 s                  ; Yes                       ; No                        ;
; hdmi_tx_d[10] ; 3.3-V LVTTL  ; 0 s                 ; 0 s                 ; 3.63 V                       ; 3.38e-07 V                   ; 3.67 V              ; -0.403 V            ; 0.084 V                              ; 0.542 V                              ; 3.5e-10 s                   ; 1.32e-10 s                  ; Yes                        ; No                         ; 3.63 V                      ; 3.38e-07 V                  ; 3.67 V             ; -0.403 V           ; 0.084 V                             ; 0.542 V                             ; 3.5e-10 s                  ; 1.32e-10 s                 ; Yes                       ; No                        ;
; hdmi_tx_d[11] ; 3.3-V LVTTL  ; 0 s                 ; 0 s                 ; 3.63 V                       ; 4.42e-07 V                   ; 3.75 V              ; -0.589 V            ; 0.329 V                              ; 0.706 V                              ; 2.77e-10 s                  ; 1.3e-10 s                   ; Yes                        ; No                         ; 3.63 V                      ; 4.42e-07 V                  ; 3.75 V             ; -0.589 V           ; 0.329 V                             ; 0.706 V                             ; 2.77e-10 s                 ; 1.3e-10 s                  ; Yes                       ; No                        ;
; hdmi_tx_d[12] ; 3.3-V LVTTL  ; 0 s                 ; 0 s                 ; 3.63 V                       ; 4.42e-07 V                   ; 3.75 V              ; -0.588 V            ; 0.329 V                              ; 0.704 V                              ; 2.77e-10 s                  ; 1.3e-10 s                   ; Yes                        ; No                         ; 3.63 V                      ; 4.42e-07 V                  ; 3.75 V             ; -0.588 V           ; 0.329 V                             ; 0.704 V                             ; 2.77e-10 s                 ; 1.3e-10 s                  ; Yes                       ; No                        ;
; hdmi_tx_d[13] ; 3.3-V LVTTL  ; 0 s                 ; 0 s                 ; 3.63 V                       ; 4.42e-07 V                   ; 3.75 V              ; -0.589 V            ; 0.329 V                              ; 0.706 V                              ; 2.77e-10 s                  ; 1.3e-10 s                   ; Yes                        ; No                         ; 3.63 V                      ; 4.42e-07 V                  ; 3.75 V             ; -0.589 V           ; 0.329 V                             ; 0.706 V                             ; 2.77e-10 s                 ; 1.3e-10 s                  ; Yes                       ; No                        ;
; hdmi_tx_d[14] ; 3.3-V LVTTL  ; 0 s                 ; 0 s                 ; 3.63 V                       ; 4.42e-07 V                   ; 3.75 V              ; -0.589 V            ; 0.329 V                              ; 0.706 V                              ; 2.77e-10 s                  ; 1.3e-10 s                   ; Yes                        ; No                         ; 3.63 V                      ; 4.42e-07 V                  ; 3.75 V             ; -0.589 V           ; 0.329 V                             ; 0.706 V                             ; 2.77e-10 s                 ; 1.3e-10 s                  ; Yes                       ; No                        ;
; hdmi_tx_d[15] ; 3.3-V LVTTL  ; 0 s                 ; 0 s                 ; 3.63 V                       ; 4.42e-07 V                   ; 3.75 V              ; -0.588 V            ; 0.329 V                              ; 0.704 V                              ; 2.77e-10 s                  ; 1.3e-10 s                   ; Yes                        ; No                         ; 3.63 V                      ; 4.42e-07 V                  ; 3.75 V             ; -0.588 V           ; 0.329 V                             ; 0.704 V                             ; 2.77e-10 s                 ; 1.3e-10 s                  ; Yes                       ; No                        ;
; hdmi_tx_d[16] ; 3.3-V LVTTL  ; 0 s                 ; 0 s                 ; 3.63 V                       ; 4.42e-07 V                   ; 3.75 V              ; -0.588 V            ; 0.329 V                              ; 0.704 V                              ; 2.77e-10 s                  ; 1.3e-10 s                   ; Yes                        ; No                         ; 3.63 V                      ; 4.42e-07 V                  ; 3.75 V             ; -0.588 V           ; 0.329 V                             ; 0.704 V                             ; 2.77e-10 s                 ; 1.3e-10 s                  ; Yes                       ; No                        ;
; hdmi_tx_d[17] ; 3.3-V LVTTL  ; 0 s                 ; 0 s                 ; 3.63 V                       ; 4.42e-07 V                   ; 3.75 V              ; -0.589 V            ; 0.329 V                              ; 0.706 V                              ; 2.77e-10 s                  ; 1.3e-10 s                   ; Yes                        ; No                         ; 3.63 V                      ; 4.42e-07 V                  ; 3.75 V             ; -0.589 V           ; 0.329 V                             ; 0.706 V                             ; 2.77e-10 s                 ; 1.3e-10 s                  ; Yes                       ; No                        ;
; hdmi_tx_d[18] ; 3.3-V LVTTL  ; 0 s                 ; 0 s                 ; 3.63 V                       ; 4.42e-07 V                   ; 3.75 V              ; -0.589 V            ; 0.329 V                              ; 0.706 V                              ; 2.77e-10 s                  ; 1.3e-10 s                   ; Yes                        ; No                         ; 3.63 V                      ; 4.42e-07 V                  ; 3.75 V             ; -0.589 V           ; 0.329 V                             ; 0.706 V                             ; 2.77e-10 s                 ; 1.3e-10 s                  ; Yes                       ; No                        ;
; hdmi_tx_d[19] ; 3.3-V LVTTL  ; 0 s                 ; 0 s                 ; 3.63 V                       ; 4.42e-07 V                   ; 3.75 V              ; -0.589 V            ; 0.329 V                              ; 0.706 V                              ; 2.77e-10 s                  ; 1.3e-10 s                   ; Yes                        ; No                         ; 3.63 V                      ; 4.42e-07 V                  ; 3.75 V             ; -0.589 V           ; 0.329 V                             ; 0.706 V                             ; 2.77e-10 s                 ; 1.3e-10 s                  ; Yes                       ; No                        ;
; hdmi_tx_d[20] ; 3.3-V LVTTL  ; 0 s                 ; 0 s                 ; 3.63 V                       ; 4.42e-07 V                   ; 3.75 V              ; -0.588 V            ; 0.329 V                              ; 0.704 V                              ; 2.77e-10 s                  ; 1.3e-10 s                   ; Yes                        ; No                         ; 3.63 V                      ; 4.42e-07 V                  ; 3.75 V             ; -0.588 V           ; 0.329 V                             ; 0.704 V                             ; 2.77e-10 s                 ; 1.3e-10 s                  ; Yes                       ; No                        ;
; hdmi_tx_d[21] ; 3.3-V LVTTL  ; 0 s                 ; 0 s                 ; 3.63 V                       ; 4.42e-07 V                   ; 3.75 V              ; -0.589 V            ; 0.329 V                              ; 0.706 V                              ; 2.77e-10 s                  ; 1.3e-10 s                   ; Yes                        ; No                         ; 3.63 V                      ; 4.42e-07 V                  ; 3.75 V             ; -0.589 V           ; 0.329 V                             ; 0.706 V                             ; 2.77e-10 s                 ; 1.3e-10 s                  ; Yes                       ; No                        ;
; hdmi_tx_d[22] ; 3.3-V LVTTL  ; 0 s                 ; 0 s                 ; 3.63 V                       ; 4.42e-07 V                   ; 3.75 V              ; -0.589 V            ; 0.329 V                              ; 0.706 V                              ; 2.77e-10 s                  ; 1.3e-10 s                   ; Yes                        ; No                         ; 3.63 V                      ; 4.42e-07 V                  ; 3.75 V             ; -0.589 V           ; 0.329 V                             ; 0.706 V                             ; 2.77e-10 s                 ; 1.3e-10 s                  ; Yes                       ; No                        ;
; hdmi_tx_d[23] ; 3.3-V LVTTL  ; 0 s                 ; 0 s                 ; 3.63 V                       ; 4.42e-07 V                   ; 3.75 V              ; -0.588 V            ; 0.329 V                              ; 0.704 V                              ; 2.77e-10 s                  ; 1.3e-10 s                   ; Yes                        ; No                         ; 3.63 V                      ; 4.42e-07 V                  ; 3.75 V             ; -0.588 V           ; 0.329 V                             ; 0.704 V                             ; 2.77e-10 s                 ; 1.3e-10 s                  ; Yes                       ; No                        ;
; hdmi_i2c_scl  ; 3.3-V LVTTL  ; 0 s                 ; 0 s                 ; 3.63 V                       ; 4.64e-07 V                   ; 3.74 V              ; -0.508 V            ; 0.391 V                              ; 0.647 V                              ; 3.08e-10 s                  ; 1.34e-10 s                  ; No                         ; No                         ; 3.63 V                      ; 4.64e-07 V                  ; 3.74 V             ; -0.508 V           ; 0.391 V                             ; 0.647 V                             ; 3.08e-10 s                 ; 1.34e-10 s                 ; No                        ; No                        ;
; hdmi_i2c_sda  ; 3.3-V LVTTL  ; 0 s                 ; 0 s                 ; 3.63 V                       ; 4.42e-07 V                   ; 3.75 V              ; -0.588 V            ; 0.329 V                              ; 0.704 V                              ; 2.77e-10 s                  ; 1.3e-10 s                   ; Yes                        ; No                         ; 3.63 V                      ; 4.42e-07 V                  ; 3.75 V             ; -0.588 V           ; 0.329 V                             ; 0.704 V                             ; 2.77e-10 s                 ; 1.3e-10 s                  ; Yes                       ; No                        ;
+---------------+--------------+---------------------+---------------------+------------------------------+------------------------------+---------------------+---------------------+--------------------------------------+--------------------------------------+-----------------------------+-----------------------------+----------------------------+----------------------------+-----------------------------+-----------------------------+--------------------+--------------------+-------------------------------------+-------------------------------------+----------------------------+----------------------------+---------------------------+---------------------------+


+--------------------------------------------------------------------------------------------------------------------------------------------------------------------------------------------------------------------------------------------------------------------------------------------------------------------------------------------------------------------------------------------------------------------------------------------------------------------------------------------------------------------------------------------------------------------------------------------------------------------------------------------------------------------------------------------+
; Signal Integrity Metrics (Fast 1100mv 100c Model)                                                                                                                                                                                                                                                                                                                                                                                                                                                                                                                                                                                                                                          ;
+---------------+--------------+---------------------+---------------------+------------------------------+------------------------------+---------------------+---------------------+--------------------------------------+--------------------------------------+-----------------------------+-----------------------------+----------------------------+----------------------------+-----------------------------+-----------------------------+--------------------+--------------------+-------------------------------------+-------------------------------------+----------------------------+----------------------------+---------------------------+---------------------------+
; Pin           ; I/O Standard ; Board Delay on Rise ; Board Delay on Fall ; Steady State Voh at FPGA Pin ; Steady State Vol at FPGA Pin ; Voh Max at FPGA Pin ; Vol Min at FPGA Pin ; Ringback Voltage on Rise at FPGA Pin ; Ringback Voltage on Fall at FPGA Pin ; 10-90 Rise Time at FPGA Pin ; 90-10 Fall Time at FPGA Pin ; Monotonic Rise at FPGA Pin ; Monotonic Fall at FPGA Pin ; Steady State Voh at Far-end ; Steady State Vol at Far-end ; Voh Max at Far-end ; Vol Min at Far-end ; Ringback Voltage on Rise at Far-end ; Ringback Voltage on Fall at Far-end ; 10-90 Rise Time at Far-end ; 90-10 Fall Time at Far-end ; Monotonic Rise at Far-end ; Monotonic Fall at Far-end ;
+---------------+--------------+---------------------+---------------------+------------------------------+------------------------------+---------------------+---------------------+--------------------------------------+--------------------------------------+-----------------------------+-----------------------------+----------------------------+----------------------------+-----------------------------+-----------------------------+--------------------+--------------------+-------------------------------------+-------------------------------------+----------------------------+----------------------------+---------------------------+---------------------------+
; led_o[0]      ; 3.3-V LVTTL  ; 0 s                 ; 0 s                 ; 3.63 V                       ; 0.000307 V                   ; 3.64 V              ; -0.165 V            ; 0.022 V                              ; 0.425 V                              ; 4.58e-10 s                  ; 2e-10 s                     ; Yes                        ; No                         ; 3.63 V                      ; 0.000307 V                  ; 3.64 V             ; -0.165 V           ; 0.022 V                             ; 0.425 V                             ; 4.58e-10 s                 ; 2e-10 s                    ; Yes                       ; No                        ;
; led_o[1]      ; 3.3-V LVTTL  ; 0 s                 ; 0 s                 ; 3.63 V                       ; 0.000379 V                   ; 3.65 V              ; -0.289 V            ; 0.051 V                              ; 0.523 V                              ; 4.36e-10 s                  ; 1.95e-10 s                  ; Yes                        ; No                         ; 3.63 V                      ; 0.000379 V                  ; 3.65 V             ; -0.289 V           ; 0.051 V                             ; 0.523 V                             ; 4.36e-10 s                 ; 1.95e-10 s                 ; Yes                       ; No                        ;
; led_o[2]      ; 3.3-V LVTTL  ; 0 s                 ; 0 s                 ; 3.63 V                       ; 0.000395 V                   ; 3.65 V              ; -0.232 V            ; 0.065 V                              ; 0.547 V                              ; 4.68e-10 s                  ; 2.07e-10 s                  ; Yes                        ; No                         ; 3.63 V                      ; 0.000395 V                  ; 3.65 V             ; -0.232 V           ; 0.065 V                             ; 0.547 V                             ; 4.68e-10 s                 ; 2.07e-10 s                 ; Yes                       ; No                        ;
; led_o[3]      ; 3.3-V LVTTL  ; 0 s                 ; 0 s                 ; 3.63 V                       ; 0.000307 V                   ; 3.64 V              ; -0.165 V            ; 0.022 V                              ; 0.425 V                              ; 4.58e-10 s                  ; 2e-10 s                     ; Yes                        ; No                         ; 3.63 V                      ; 0.000307 V                  ; 3.64 V             ; -0.165 V           ; 0.022 V                             ; 0.425 V                             ; 4.58e-10 s                 ; 2e-10 s                    ; Yes                       ; No                        ;
; led_o[4]      ; 3.3-V LVTTL  ; 0 s                 ; 0 s                 ; 3.63 V                       ; 0.000379 V                   ; 3.65 V              ; -0.289 V            ; 0.051 V                              ; 0.523 V                              ; 4.36e-10 s                  ; 1.95e-10 s                  ; Yes                        ; No                         ; 3.63 V                      ; 0.000379 V                  ; 3.65 V             ; -0.289 V           ; 0.051 V                             ; 0.523 V                             ; 4.36e-10 s                 ; 1.95e-10 s                 ; Yes                       ; No                        ;
; led_o[5]      ; 3.3-V LVTTL  ; 0 s                 ; 0 s                 ; 3.63 V                       ; 0.000379 V                   ; 3.65 V              ; -0.292 V            ; 0.053 V                              ; 0.524 V                              ; 4.36e-10 s                  ; 1.95e-10 s                  ; Yes                        ; No                         ; 3.63 V                      ; 0.000379 V                  ; 3.65 V             ; -0.292 V           ; 0.053 V                             ; 0.524 V                             ; 4.36e-10 s                 ; 1.95e-10 s                 ; Yes                       ; No                        ;
; led_o[6]      ; 3.3-V LVTTL  ; 0 s                 ; 0 s                 ; 3.63 V                       ; 0.000395 V                   ; 3.65 V              ; -0.232 V            ; 0.065 V                              ; 0.547 V                              ; 4.68e-10 s                  ; 2.07e-10 s                  ; Yes                        ; No                         ; 3.63 V                      ; 0.000395 V                  ; 3.65 V             ; -0.232 V           ; 0.065 V                             ; 0.547 V                             ; 4.68e-10 s                 ; 2.07e-10 s                 ; Yes                       ; No                        ;
; led_o[7]      ; 3.3-V LVTTL  ; 0 s                 ; 0 s                 ; 3.63 V                       ; 0.000379 V                   ; 3.65 V              ; -0.292 V            ; 0.053 V                              ; 0.524 V                              ; 4.36e-10 s                  ; 1.95e-10 s                  ; Yes                        ; No                         ; 3.63 V                      ; 0.000379 V                  ; 3.65 V             ; -0.292 V           ; 0.053 V                             ; 0.524 V                             ; 4.36e-10 s                 ; 1.95e-10 s                 ; Yes                       ; No                        ;
; hdmi_tx_clk   ; 3.3-V LVTTL  ; 0 s                 ; 0 s                 ; 3.63 V                       ; 0.000379 V                   ; 3.65 V              ; -0.289 V            ; 0.051 V                              ; 0.523 V                              ; 4.36e-10 s                  ; 1.95e-10 s                  ; Yes                        ; No                         ; 3.63 V                      ; 0.000379 V                  ; 3.65 V             ; -0.289 V           ; 0.051 V                             ; 0.523 V                             ; 4.36e-10 s                 ; 1.95e-10 s                 ; Yes                       ; No                        ;
; hdmi_tx_de    ; 3.3-V LVTTL  ; 0 s                 ; 0 s                 ; 3.63 V                       ; 0.000307 V                   ; 3.64 V              ; -0.165 V            ; 0.022 V                              ; 0.425 V                              ; 4.58e-10 s                  ; 2e-10 s                     ; Yes                        ; No                         ; 3.63 V                      ; 0.000307 V                  ; 3.64 V             ; -0.165 V           ; 0.022 V                             ; 0.425 V                             ; 4.58e-10 s                 ; 2e-10 s                    ; Yes                       ; No                        ;
; hdmi_tx_hs    ; 3.3-V LVTTL  ; 0 s                 ; 0 s                 ; 3.63 V                       ; 0.000307 V                   ; 3.64 V              ; -0.165 V            ; 0.022 V                              ; 0.425 V                              ; 4.58e-10 s                  ; 2e-10 s                     ; Yes                        ; No                         ; 3.63 V                      ; 0.000307 V                  ; 3.64 V             ; -0.165 V           ; 0.022 V                             ; 0.425 V                             ; 4.58e-10 s                 ; 2e-10 s                    ; Yes                       ; No                        ;
; hdmi_tx_vs    ; 3.3-V LVTTL  ; 0 s                 ; 0 s                 ; 3.63 V                       ; 0.000307 V                   ; 3.64 V              ; -0.165 V            ; 0.022 V                              ; 0.425 V                              ; 4.58e-10 s                  ; 2e-10 s                     ; Yes                        ; No                         ; 3.63 V                      ; 0.000307 V                  ; 3.64 V             ; -0.165 V           ; 0.022 V                             ; 0.425 V                             ; 4.58e-10 s                 ; 2e-10 s                    ; Yes                       ; No                        ;
; hdmi_tx_d[0]  ; 3.3-V LVTTL  ; 0 s                 ; 0 s                 ; 3.63 V                       ; 0.000307 V                   ; 3.64 V              ; -0.165 V            ; 0.022 V                              ; 0.425 V                              ; 4.58e-10 s                  ; 2e-10 s                     ; Yes                        ; No                         ; 3.63 V                      ; 0.000307 V                  ; 3.64 V             ; -0.165 V           ; 0.022 V                             ; 0.425 V                             ; 4.58e-10 s                 ; 2e-10 s                    ; Yes                       ; No                        ;
; hdmi_tx_d[1]  ; 3.3-V LVTTL  ; 0 s                 ; 0 s                 ; 3.63 V                       ; 0.000395 V                   ; 3.65 V              ; -0.232 V            ; 0.065 V                              ; 0.547 V                              ; 4.68e-10 s                  ; 2.07e-10 s                  ; Yes                        ; No                         ; 3.63 V                      ; 0.000395 V                  ; 3.65 V             ; -0.232 V           ; 0.065 V                             ; 0.547 V                             ; 4.68e-10 s                 ; 2.07e-10 s                 ; Yes                       ; No                        ;
; hdmi_tx_d[2]  ; 3.3-V LVTTL  ; 0 s                 ; 0 s                 ; 3.63 V                       ; 0.000395 V                   ; 3.65 V              ; -0.232 V            ; 0.065 V                              ; 0.547 V                              ; 4.68e-10 s                  ; 2.07e-10 s                  ; Yes                        ; No                         ; 3.63 V                      ; 0.000395 V                  ; 3.65 V             ; -0.232 V           ; 0.065 V                             ; 0.547 V                             ; 4.68e-10 s                 ; 2.07e-10 s                 ; Yes                       ; No                        ;
; hdmi_tx_d[3]  ; 3.3-V LVTTL  ; 0 s                 ; 0 s                 ; 3.63 V                       ; 0.000307 V                   ; 3.64 V              ; -0.165 V            ; 0.022 V                              ; 0.425 V                              ; 4.58e-10 s                  ; 2e-10 s                     ; Yes                        ; No                         ; 3.63 V                      ; 0.000307 V                  ; 3.64 V             ; -0.165 V           ; 0.022 V                             ; 0.425 V                             ; 4.58e-10 s                 ; 2e-10 s                    ; Yes                       ; No                        ;
; hdmi_tx_d[4]  ; 3.3-V LVTTL  ; 0 s                 ; 0 s                 ; 3.63 V                       ; 0.000395 V                   ; 3.65 V              ; -0.232 V            ; 0.065 V                              ; 0.547 V                              ; 4.68e-10 s                  ; 2.07e-10 s                  ; Yes                        ; No                         ; 3.63 V                      ; 0.000395 V                  ; 3.65 V             ; -0.232 V           ; 0.065 V                             ; 0.547 V                             ; 4.68e-10 s                 ; 2.07e-10 s                 ; Yes                       ; No                        ;
; hdmi_tx_d[5]  ; 3.3-V LVTTL  ; 0 s                 ; 0 s                 ; 3.63 V                       ; 0.000395 V                   ; 3.65 V              ; -0.232 V            ; 0.065 V                              ; 0.547 V                              ; 4.68e-10 s                  ; 2.07e-10 s                  ; Yes                        ; No                         ; 3.63 V                      ; 0.000395 V                  ; 3.65 V             ; -0.232 V           ; 0.065 V                             ; 0.547 V                             ; 4.68e-10 s                 ; 2.07e-10 s                 ; Yes                       ; No                        ;
; hdmi_tx_d[6]  ; 3.3-V LVTTL  ; 0 s                 ; 0 s                 ; 3.63 V                       ; 0.000307 V                   ; 3.64 V              ; -0.165 V            ; 0.022 V                              ; 0.425 V                              ; 4.58e-10 s                  ; 2e-10 s                     ; Yes                        ; No                         ; 3.63 V                      ; 0.000307 V                  ; 3.64 V             ; -0.165 V           ; 0.022 V                             ; 0.425 V                             ; 4.58e-10 s                 ; 2e-10 s                    ; Yes                       ; No                        ;
; hdmi_tx_d[7]  ; 3.3-V LVTTL  ; 0 s                 ; 0 s                 ; 3.63 V                       ; 0.000379 V                   ; 3.65 V              ; -0.289 V            ; 0.051 V                              ; 0.523 V                              ; 4.36e-10 s                  ; 1.95e-10 s                  ; Yes                        ; No                         ; 3.63 V                      ; 0.000379 V                  ; 3.65 V             ; -0.289 V           ; 0.051 V                             ; 0.523 V                             ; 4.36e-10 s                 ; 1.95e-10 s                 ; Yes                       ; No                        ;
; hdmi_tx_d[8]  ; 3.3-V LVTTL  ; 0 s                 ; 0 s                 ; 3.63 V                       ; 0.000307 V                   ; 3.64 V              ; -0.165 V            ; 0.022 V                              ; 0.425 V                              ; 4.58e-10 s                  ; 2e-10 s                     ; Yes                        ; No                         ; 3.63 V                      ; 0.000307 V                  ; 3.64 V             ; -0.165 V           ; 0.022 V                             ; 0.425 V                             ; 4.58e-10 s                 ; 2e-10 s                    ; Yes                       ; No                        ;
; hdmi_tx_d[9]  ; 3.3-V LVTTL  ; 0 s                 ; 0 s                 ; 3.63 V                       ; 0.000379 V                   ; 3.65 V              ; -0.292 V            ; 0.053 V                              ; 0.524 V                              ; 4.36e-10 s                  ; 1.95e-10 s                  ; Yes                        ; No                         ; 3.63 V                      ; 0.000379 V                  ; 3.65 V             ; -0.292 V           ; 0.053 V                             ; 0.524 V                             ; 4.36e-10 s                 ; 1.95e-10 s                 ; Yes                       ; No                        ;
; hdmi_tx_d[10] ; 3.3-V LVTTL  ; 0 s                 ; 0 s                 ; 3.63 V                       ; 0.000307 V                   ; 3.64 V              ; -0.165 V            ; 0.022 V                              ; 0.425 V                              ; 4.58e-10 s                  ; 2e-10 s                     ; Yes                        ; No                         ; 3.63 V                      ; 0.000307 V                  ; 3.64 V             ; -0.165 V           ; 0.022 V                             ; 0.425 V                             ; 4.58e-10 s                 ; 2e-10 s                    ; Yes                       ; No                        ;
; hdmi_tx_d[11] ; 3.3-V LVTTL  ; 0 s                 ; 0 s                 ; 3.63 V                       ; 0.000379 V                   ; 3.65 V              ; -0.292 V            ; 0.053 V                              ; 0.524 V                              ; 4.36e-10 s                  ; 1.95e-10 s                  ; Yes                        ; No                         ; 3.63 V                      ; 0.000379 V                  ; 3.65 V             ; -0.292 V           ; 0.053 V                             ; 0.524 V                             ; 4.36e-10 s                 ; 1.95e-10 s                 ; Yes                       ; No                        ;
; hdmi_tx_d[12] ; 3.3-V LVTTL  ; 0 s                 ; 0 s                 ; 3.63 V                       ; 0.000379 V                   ; 3.65 V              ; -0.289 V            ; 0.051 V                              ; 0.523 V                              ; 4.36e-10 s                  ; 1.95e-10 s                  ; Yes                        ; No                         ; 3.63 V                      ; 0.000379 V                  ; 3.65 V             ; -0.289 V           ; 0.051 V                             ; 0.523 V                             ; 4.36e-10 s                 ; 1.95e-10 s                 ; Yes                       ; No                        ;
; hdmi_tx_d[13] ; 3.3-V LVTTL  ; 0 s                 ; 0 s                 ; 3.63 V                       ; 0.000379 V                   ; 3.65 V              ; -0.292 V            ; 0.053 V                              ; 0.524 V                              ; 4.36e-10 s                  ; 1.95e-10 s                  ; Yes                        ; No                         ; 3.63 V                      ; 0.000379 V                  ; 3.65 V             ; -0.292 V           ; 0.053 V                             ; 0.524 V                             ; 4.36e-10 s                 ; 1.95e-10 s                 ; Yes                       ; No                        ;
; hdmi_tx_d[14] ; 3.3-V LVTTL  ; 0 s                 ; 0 s                 ; 3.63 V                       ; 0.000379 V                   ; 3.65 V              ; -0.292 V            ; 0.053 V                              ; 0.524 V                              ; 4.36e-10 s                  ; 1.95e-10 s                  ; Yes                        ; No                         ; 3.63 V                      ; 0.000379 V                  ; 3.65 V             ; -0.292 V           ; 0.053 V                             ; 0.524 V                             ; 4.36e-10 s                 ; 1.95e-10 s                 ; Yes                       ; No                        ;
; hdmi_tx_d[15] ; 3.3-V LVTTL  ; 0 s                 ; 0 s                 ; 3.63 V                       ; 0.000379 V                   ; 3.65 V              ; -0.289 V            ; 0.051 V                              ; 0.523 V                              ; 4.36e-10 s                  ; 1.95e-10 s                  ; Yes                        ; No                         ; 3.63 V                      ; 0.000379 V                  ; 3.65 V             ; -0.289 V           ; 0.051 V                             ; 0.523 V                             ; 4.36e-10 s                 ; 1.95e-10 s                 ; Yes                       ; No                        ;
; hdmi_tx_d[16] ; 3.3-V LVTTL  ; 0 s                 ; 0 s                 ; 3.63 V                       ; 0.000379 V                   ; 3.65 V              ; -0.289 V            ; 0.051 V                              ; 0.523 V                              ; 4.36e-10 s                  ; 1.95e-10 s                  ; Yes                        ; No                         ; 3.63 V                      ; 0.000379 V                  ; 3.65 V             ; -0.289 V           ; 0.051 V                             ; 0.523 V                             ; 4.36e-10 s                 ; 1.95e-10 s                 ; Yes                       ; No                        ;
; hdmi_tx_d[17] ; 3.3-V LVTTL  ; 0 s                 ; 0 s                 ; 3.63 V                       ; 0.000379 V                   ; 3.65 V              ; -0.292 V            ; 0.053 V                              ; 0.524 V                              ; 4.36e-10 s                  ; 1.95e-10 s                  ; Yes                        ; No                         ; 3.63 V                      ; 0.000379 V                  ; 3.65 V             ; -0.292 V           ; 0.053 V                             ; 0.524 V                             ; 4.36e-10 s                 ; 1.95e-10 s                 ; Yes                       ; No                        ;
; hdmi_tx_d[18] ; 3.3-V LVTTL  ; 0 s                 ; 0 s                 ; 3.63 V                       ; 0.000379 V                   ; 3.65 V              ; -0.292 V            ; 0.053 V                              ; 0.524 V                              ; 4.36e-10 s                  ; 1.95e-10 s                  ; Yes                        ; No                         ; 3.63 V                      ; 0.000379 V                  ; 3.65 V             ; -0.292 V           ; 0.053 V                             ; 0.524 V                             ; 4.36e-10 s                 ; 1.95e-10 s                 ; Yes                       ; No                        ;
; hdmi_tx_d[19] ; 3.3-V LVTTL  ; 0 s                 ; 0 s                 ; 3.63 V                       ; 0.000379 V                   ; 3.65 V              ; -0.292 V            ; 0.053 V                              ; 0.524 V                              ; 4.36e-10 s                  ; 1.95e-10 s                  ; Yes                        ; No                         ; 3.63 V                      ; 0.000379 V                  ; 3.65 V             ; -0.292 V           ; 0.053 V                             ; 0.524 V                             ; 4.36e-10 s                 ; 1.95e-10 s                 ; Yes                       ; No                        ;
; hdmi_tx_d[20] ; 3.3-V LVTTL  ; 0 s                 ; 0 s                 ; 3.63 V                       ; 0.000379 V                   ; 3.65 V              ; -0.289 V            ; 0.051 V                              ; 0.523 V                              ; 4.36e-10 s                  ; 1.95e-10 s                  ; Yes                        ; No                         ; 3.63 V                      ; 0.000379 V                  ; 3.65 V             ; -0.289 V           ; 0.051 V                             ; 0.523 V                             ; 4.36e-10 s                 ; 1.95e-10 s                 ; Yes                       ; No                        ;
; hdmi_tx_d[21] ; 3.3-V LVTTL  ; 0 s                 ; 0 s                 ; 3.63 V                       ; 0.000379 V                   ; 3.65 V              ; -0.292 V            ; 0.053 V                              ; 0.524 V                              ; 4.36e-10 s                  ; 1.95e-10 s                  ; Yes                        ; No                         ; 3.63 V                      ; 0.000379 V                  ; 3.65 V             ; -0.292 V           ; 0.053 V                             ; 0.524 V                             ; 4.36e-10 s                 ; 1.95e-10 s                 ; Yes                       ; No                        ;
; hdmi_tx_d[22] ; 3.3-V LVTTL  ; 0 s                 ; 0 s                 ; 3.63 V                       ; 0.000379 V                   ; 3.65 V              ; -0.292 V            ; 0.053 V                              ; 0.524 V                              ; 4.36e-10 s                  ; 1.95e-10 s                  ; Yes                        ; No                         ; 3.63 V                      ; 0.000379 V                  ; 3.65 V             ; -0.292 V           ; 0.053 V                             ; 0.524 V                             ; 4.36e-10 s                 ; 1.95e-10 s                 ; Yes                       ; No                        ;
; hdmi_tx_d[23] ; 3.3-V LVTTL  ; 0 s                 ; 0 s                 ; 3.63 V                       ; 0.000379 V                   ; 3.65 V              ; -0.289 V            ; 0.051 V                              ; 0.523 V                              ; 4.36e-10 s                  ; 1.95e-10 s                  ; Yes                        ; No                         ; 3.63 V                      ; 0.000379 V                  ; 3.65 V             ; -0.289 V           ; 0.051 V                             ; 0.523 V                             ; 4.36e-10 s                 ; 1.95e-10 s                 ; Yes                       ; No                        ;
; hdmi_i2c_scl  ; 3.3-V LVTTL  ; 0 s                 ; 0 s                 ; 3.63 V                       ; 0.000395 V                   ; 3.65 V              ; -0.232 V            ; 0.065 V                              ; 0.547 V                              ; 4.68e-10 s                  ; 2.07e-10 s                  ; Yes                        ; No                         ; 3.63 V                      ; 0.000395 V                  ; 3.65 V             ; -0.232 V           ; 0.065 V                             ; 0.547 V                             ; 4.68e-10 s                 ; 2.07e-10 s                 ; Yes                       ; No                        ;
; hdmi_i2c_sda  ; 3.3-V LVTTL  ; 0 s                 ; 0 s                 ; 3.63 V                       ; 0.000379 V                   ; 3.65 V              ; -0.289 V            ; 0.051 V                              ; 0.523 V                              ; 4.36e-10 s                  ; 1.95e-10 s                  ; Yes                        ; No                         ; 3.63 V                      ; 0.000379 V                  ; 3.65 V             ; -0.289 V           ; 0.051 V                             ; 0.523 V                             ; 4.36e-10 s                 ; 1.95e-10 s                 ; Yes                       ; No                        ;
+---------------+--------------+---------------------+---------------------+------------------------------+------------------------------+---------------------+---------------------+--------------------------------------+--------------------------------------+-----------------------------+-----------------------------+----------------------------+----------------------------+-----------------------------+-----------------------------+--------------------+--------------------+-------------------------------------+-------------------------------------+----------------------------+----------------------------+---------------------------+---------------------------+


+---------------------------------------------------------------------------------------------------------------------------------------------------------------------------+
; Setup Transfers                                                                                                                                                           ;
+--------------------------------------------------------------+--------------------------------------------------------------+------------+----------+----------+----------+
; From Clock                                                   ; To Clock                                                     ; RR Paths   ; FR Paths ; RF Paths ; FF Paths ;
+--------------------------------------------------------------+--------------------------------------------------------------+------------+----------+----------+----------+
; clk_50m                                                      ; clk_50m                                                      ; 3511       ; 0        ; 0        ; 0        ;
; u_pll|altera_pll_i|general[0].gpll~PLL_OUTPUT_COUNTER|divclk ; clk_50m                                                      ; false path ; 0        ; 0        ; 0        ;
; u_pll|altera_pll_i|general[0].gpll~PLL_OUTPUT_COUNTER|divclk ; u_pll|altera_pll_i|general[0].gpll~PLL_OUTPUT_COUNTER|divclk ; 147737     ; 0        ; 0        ; 0        ;
+--------------------------------------------------------------+--------------------------------------------------------------+------------+----------+----------+----------+
Entries labeled "false path" only account for clock-to-clock false paths and not path-based false paths. As a result, actual path counts may be lower than reported.


+---------------------------------------------------------------------------------------------------------------------------------------------------------------------------+
; Hold Transfers                                                                                                                                                            ;
+--------------------------------------------------------------+--------------------------------------------------------------+------------+----------+----------+----------+
; From Clock                                                   ; To Clock                                                     ; RR Paths   ; FR Paths ; RF Paths ; FF Paths ;
+--------------------------------------------------------------+--------------------------------------------------------------+------------+----------+----------+----------+
; clk_50m                                                      ; clk_50m                                                      ; 3511       ; 0        ; 0        ; 0        ;
; u_pll|altera_pll_i|general[0].gpll~PLL_OUTPUT_COUNTER|divclk ; clk_50m                                                      ; false path ; 0        ; 0        ; 0        ;
; u_pll|altera_pll_i|general[0].gpll~PLL_OUTPUT_COUNTER|divclk ; u_pll|altera_pll_i|general[0].gpll~PLL_OUTPUT_COUNTER|divclk ; 147737     ; 0        ; 0        ; 0        ;
+--------------------------------------------------------------+--------------------------------------------------------------+------------+----------+----------+----------+
Entries labeled "false path" only account for clock-to-clock false paths and not path-based false paths. As a result, actual path counts may be lower than reported.


+---------------------------------------------------------------------------------------------------------------------------------------------------------------------------+
; Recovery Transfers                                                                                                                                                        ;
+--------------------------------------------------------------+--------------------------------------------------------------+------------+----------+----------+----------+
; From Clock                                                   ; To Clock                                                     ; RR Paths   ; FR Paths ; RF Paths ; FF Paths ;
+--------------------------------------------------------------+--------------------------------------------------------------+------------+----------+----------+----------+
; clk_50m                                                      ; clk_50m                                                      ; 88         ; 0        ; 0        ; 0        ;
; clk_50m                                                      ; u_pll|altera_pll_i|general[0].gpll~PLL_OUTPUT_COUNTER|divclk ; false path ; 0        ; 0        ; 0        ;
; u_pll|altera_pll_i|general[0].gpll~PLL_OUTPUT_COUNTER|divclk ; u_pll|altera_pll_i|general[0].gpll~PLL_OUTPUT_COUNTER|divclk ; 113        ; 0        ; 0        ; 0        ;
+--------------------------------------------------------------+--------------------------------------------------------------+------------+----------+----------+----------+
Entries labeled "false path" only account for clock-to-clock false paths and not path-based false paths. As a result, actual path counts may be lower than reported.


+---------------------------------------------------------------------------------------------------------------------------------------------------------------------------+
; Removal Transfers                                                                                                                                                         ;
+--------------------------------------------------------------+--------------------------------------------------------------+------------+----------+----------+----------+
; From Clock                                                   ; To Clock                                                     ; RR Paths   ; FR Paths ; RF Paths ; FF Paths ;
+--------------------------------------------------------------+--------------------------------------------------------------+------------+----------+----------+----------+
; clk_50m                                                      ; clk_50m                                                      ; 88         ; 0        ; 0        ; 0        ;
; clk_50m                                                      ; u_pll|altera_pll_i|general[0].gpll~PLL_OUTPUT_COUNTER|divclk ; false path ; 0        ; 0        ; 0        ;
; u_pll|altera_pll_i|general[0].gpll~PLL_OUTPUT_COUNTER|divclk ; u_pll|altera_pll_i|general[0].gpll~PLL_OUTPUT_COUNTER|divclk ; 113        ; 0        ; 0        ; 0        ;
+--------------------------------------------------------------+--------------------------------------------------------------+------------+----------+----------+----------+
Entries labeled "false path" only account for clock-to-clock false paths and not path-based false paths. As a result, actual path counts may be lower than reported.


---------------
; Report TCCS ;
---------------
No dedicated SERDES Transmitter circuitry present in device or used in design


---------------
; Report RSKM ;
---------------
No non-DPA dedicated SERDES Receiver circuitry present in device or used in design


+------------------------------------------------+
; Unconstrained Paths Summary                    ;
+---------------------------------+-------+------+
; Property                        ; Setup ; Hold ;
+---------------------------------+-------+------+
; Illegal Clocks                  ; 0     ; 0    ;
; Unconstrained Clocks            ; 0     ; 0    ;
; Unconstrained Input Ports       ; 0     ; 0    ;
; Unconstrained Input Port Paths  ; 0     ; 0    ;
; Unconstrained Output Ports      ; 28    ; 28   ;
; Unconstrained Output Port Paths ; 1732  ; 1732 ;
+---------------------------------+-------+------+


+-------------------------------------------------------------------------------------------------------------------------------------------------------+
; Clock Status Summary                                                                                                                                  ;
+--------------------------------------------------------------+--------------------------------------------------------------+-----------+-------------+
; Target                                                       ; Clock                                                        ; Type      ; Status      ;
+--------------------------------------------------------------+--------------------------------------------------------------+-----------+-------------+
; clk_50m_i                                                    ; clk_50m                                                      ; Base      ; Constrained ;
; u_pll|altera_pll_i|general[0].gpll~FRACTIONAL_PLL|vcoph[0]   ; u_pll|altera_pll_i|general[0].gpll~FRACTIONAL_PLL|vcoph[0]   ; Generated ; Constrained ;
; u_pll|altera_pll_i|general[0].gpll~PLL_OUTPUT_COUNTER|divclk ; u_pll|altera_pll_i|general[0].gpll~PLL_OUTPUT_COUNTER|divclk ; Generated ; Constrained ;
+--------------------------------------------------------------+--------------------------------------------------------------+-----------+-------------+


+-------------------------------------------------------------------------------------------------------+
; Unconstrained Output Ports                                                                            ;
+---------------+---------------------------------------------------------------------------------------+
; Output Port   ; Comment                                                                               ;
+---------------+---------------------------------------------------------------------------------------+
; hdmi_tx_clk   ; No output delay, min/max delays, false-path exceptions, or max skew assignments found ;
; hdmi_tx_d[0]  ; No output delay, min/max delays, false-path exceptions, or max skew assignments found ;
; hdmi_tx_d[1]  ; No output delay, min/max delays, false-path exceptions, or max skew assignments found ;
; hdmi_tx_d[2]  ; No output delay, min/max delays, false-path exceptions, or max skew assignments found ;
; hdmi_tx_d[3]  ; No output delay, min/max delays, false-path exceptions, or max skew assignments found ;
; hdmi_tx_d[4]  ; No output delay, min/max delays, false-path exceptions, or max skew assignments found ;
; hdmi_tx_d[5]  ; No output delay, min/max delays, false-path exceptions, or max skew assignments found ;
; hdmi_tx_d[6]  ; No output delay, min/max delays, false-path exceptions, or max skew assignments found ;
; hdmi_tx_d[7]  ; No output delay, min/max delays, false-path exceptions, or max skew assignments found ;
; hdmi_tx_d[8]  ; No output delay, min/max delays, false-path exceptions, or max skew assignments found ;
; hdmi_tx_d[9]  ; No output delay, min/max delays, false-path exceptions, or max skew assignments found ;
; hdmi_tx_d[10] ; No output delay, min/max delays, false-path exceptions, or max skew assignments found ;
; hdmi_tx_d[11] ; No output delay, min/max delays, false-path exceptions, or max skew assignments found ;
; hdmi_tx_d[12] ; No output delay, min/max delays, false-path exceptions, or max skew assignments found ;
; hdmi_tx_d[13] ; No output delay, min/max delays, false-path exceptions, or max skew assignments found ;
; hdmi_tx_d[14] ; No output delay, min/max delays, false-path exceptions, or max skew assignments found ;
; hdmi_tx_d[15] ; No output delay, min/max delays, false-path exceptions, or max skew assignments found ;
; hdmi_tx_d[16] ; No output delay, min/max delays, false-path exceptions, or max skew assignments found ;
; hdmi_tx_d[17] ; No output delay, min/max delays, false-path exceptions, or max skew assignments found ;
; hdmi_tx_d[18] ; No output delay, min/max delays, false-path exceptions, or max skew assignments found ;
; hdmi_tx_d[19] ; No output delay, min/max delays, false-path exceptions, or max skew assignments found ;
; hdmi_tx_d[20] ; No output delay, min/max delays, false-path exceptions, or max skew assignments found ;
; hdmi_tx_d[21] ; No output delay, min/max delays, false-path exceptions, or max skew assignments found ;
; hdmi_tx_d[22] ; No output delay, min/max delays, false-path exceptions, or max skew assignments found ;
; hdmi_tx_d[23] ; No output delay, min/max delays, false-path exceptions, or max skew assignments found ;
; hdmi_tx_de    ; No output delay, min/max delays, false-path exceptions, or max skew assignments found ;
; hdmi_tx_hs    ; No output delay, min/max delays, false-path exceptions, or max skew assignments found ;
; hdmi_tx_vs    ; No output delay, min/max delays, false-path exceptions, or max skew assignments found ;
+---------------+---------------------------------------------------------------------------------------+


+-------------------------------------------------------------------------------------------------------+
; Unconstrained Output Ports                                                                            ;
+---------------+---------------------------------------------------------------------------------------+
; Output Port   ; Comment                                                                               ;
+---------------+---------------------------------------------------------------------------------------+
; hdmi_tx_clk   ; No output delay, min/max delays, false-path exceptions, or max skew assignments found ;
; hdmi_tx_d[0]  ; No output delay, min/max delays, false-path exceptions, or max skew assignments found ;
; hdmi_tx_d[1]  ; No output delay, min/max delays, false-path exceptions, or max skew assignments found ;
; hdmi_tx_d[2]  ; No output delay, min/max delays, false-path exceptions, or max skew assignments found ;
; hdmi_tx_d[3]  ; No output delay, min/max delays, false-path exceptions, or max skew assignments found ;
; hdmi_tx_d[4]  ; No output delay, min/max delays, false-path exceptions, or max skew assignments found ;
; hdmi_tx_d[5]  ; No output delay, min/max delays, false-path exceptions, or max skew assignments found ;
; hdmi_tx_d[6]  ; No output delay, min/max delays, false-path exceptions, or max skew assignments found ;
; hdmi_tx_d[7]  ; No output delay, min/max delays, false-path exceptions, or max skew assignments found ;
; hdmi_tx_d[8]  ; No output delay, min/max delays, false-path exceptions, or max skew assignments found ;
; hdmi_tx_d[9]  ; No output delay, min/max delays, false-path exceptions, or max skew assignments found ;
; hdmi_tx_d[10] ; No output delay, min/max delays, false-path exceptions, or max skew assignments found ;
; hdmi_tx_d[11] ; No output delay, min/max delays, false-path exceptions, or max skew assignments found ;
; hdmi_tx_d[12] ; No output delay, min/max delays, false-path exceptions, or max skew assignments found ;
; hdmi_tx_d[13] ; No output delay, min/max delays, false-path exceptions, or max skew assignments found ;
; hdmi_tx_d[14] ; No output delay, min/max delays, false-path exceptions, or max skew assignments found ;
; hdmi_tx_d[15] ; No output delay, min/max delays, false-path exceptions, or max skew assignments found ;
; hdmi_tx_d[16] ; No output delay, min/max delays, false-path exceptions, or max skew assignments found ;
; hdmi_tx_d[17] ; No output delay, min/max delays, false-path exceptions, or max skew assignments found ;
; hdmi_tx_d[18] ; No output delay, min/max delays, false-path exceptions, or max skew assignments found ;
; hdmi_tx_d[19] ; No output delay, min/max delays, false-path exceptions, or max skew assignments found ;
; hdmi_tx_d[20] ; No output delay, min/max delays, false-path exceptions, or max skew assignments found ;
; hdmi_tx_d[21] ; No output delay, min/max delays, false-path exceptions, or max skew assignments found ;
; hdmi_tx_d[22] ; No output delay, min/max delays, false-path exceptions, or max skew assignments found ;
; hdmi_tx_d[23] ; No output delay, min/max delays, false-path exceptions, or max skew assignments found ;
; hdmi_tx_de    ; No output delay, min/max delays, false-path exceptions, or max skew assignments found ;
; hdmi_tx_hs    ; No output delay, min/max delays, false-path exceptions, or max skew assignments found ;
; hdmi_tx_vs    ; No output delay, min/max delays, false-path exceptions, or max skew assignments found ;
+---------------+---------------------------------------------------------------------------------------+


+--------------------------+
; Timing Analyzer Messages ;
+--------------------------+
Info: *******************************************************************
Info: Running Quartus Prime Timing Analyzer
    Info: Version 25.1std.0 Build 1129 10/21/2025 SC Standard Edition
    Info: Processing started: Tue Sep 29 18:35:52 2026
Info: Command: quartus_sta de10nano_top -c de10nano_top
Info: qsta_default_script.tcl version: #1
Info (20030): Parallel compilation is enabled and will use 10 of the 10 processors detected
Info (21076): High junction temperature operating condition is not set. Assuming a default value of '100'.
Info (21076): Low junction temperature operating condition is not set. Assuming a default value of '-40'.
Info (332104): Reading SDC File: 'constraints/timing.sdc'
Info (332110): Deriving PLL clocks
    Info (332110): create_generated_clock -source {u_pll|altera_pll_i|general[0].gpll~FRACTIONAL_PLL|refclkin} -divide_by 512 -multiply_by 4125 -duty_cycle 50.00 -name {u_pll|altera_pll_i|general[0].gpll~FRACTIONAL_PLL|vcoph[0]} {u_pll|altera_pll_i|general[0].gpll~FRACTIONAL_PLL|vcoph[0]}
    Info (332110): create_generated_clock -source {u_pll|altera_pll_i|general[0].gpll~PLL_OUTPUT_COUNTER|vco0ph[0]} -divide_by 16 -duty_cycle 50.00 -name {u_pll|altera_pll_i|general[0].gpll~PLL_OUTPUT_COUNTER|divclk} {u_pll|altera_pll_i|general[0].gpll~PLL_OUTPUT_COUNTER|divclk}
Info (332151): Clock uncertainty is not calculated until you update the timing netlist.
Info (332097): The following timing edges are non-unate.  The Timing Analyzer will assume pos-unate behavior for these edges in the clock network.
    Info (332098): Cell: u_pll|altera_pll_i|general[0].gpll~FRACTIONAL_PLL  from: refclkin  to: fbclk
    Info (332098): Cell: u_pll|altera_pll_i|general[0].gpll~PLL_OUTPUT_COUNTER  from: vco0ph[0]  to: divclk
    Info (332098): Cell: u_pll|altera_pll_i|general[0].gpll~PLL_REFCLK_SELECT  from: clkin[0]  to: clkout
Info (332123): Deriving Clock Uncertainty. Please refer to report_sdc in the Timing Analyzer to see clock uncertainties.
Info: Found TIMING_ANALYZER_REPORT_SCRIPT_INCLUDE_DEFAULT_ANALYSIS = ON
Info: Analyzing Slow 1100mV 100C Model
Info (332146): Worst-case setup slack is 13.868
    Info (332119):     Slack       End Point TNS Clock 
    Info (332119): ========= =================== =====================
    Info (332119):    13.868               0.000 clk_50m 
    Info (332119):    24.117               0.000 u_pll|altera_pll_i|general[0].gpll~PLL_OUTPUT_COUNTER|divclk 
Info (332146): Worst-case hold slack is 0.232
    Info (332119):     Slack       End Point TNS Clock 
    Info (332119): ========= =================== =====================
    Info (332119):     0.232               0.000 u_pll|altera_pll_i|general[0].gpll~PLL_OUTPUT_COUNTER|divclk 
    Info (332119):     0.365               0.000 clk_50m 
Info (332146): Worst-case recovery slack is 15.994
    Info (332119):     Slack       End Point TNS Clock 
    Info (332119): ========= =================== =====================
    Info (332119):    15.994               0.000 clk_50m 
    Info (332119):    36.380               0.000 u_pll|altera_pll_i|general[0].gpll~PLL_OUTPUT_COUNTER|divclk 
Info (332146): Worst-case removal slack is 0.729
    Info (332119):     Slack       End Point TNS Clock 
    Info (332119): ========= =================== =====================
    Info (332119):     0.729               0.000 clk_50m 
    Info (332119):     1.060               0.000 u_pll|altera_pll_i|general[0].gpll~PLL_OUTPUT_COUNTER|divclk 
Info (332146): Worst-case minimum pulse width slack is 1.241
    Info (332119):     Slack       End Point TNS Clock 
    Info (332119): ========= =================== =====================
    Info (332119):     1.241               0.000 u_pll|altera_pll_i|general[0].gpll~FRACTIONAL_PLL|vcoph[0] 
    Info (332119):     9.171               0.000 clk_50m 
    Info (332119):    19.112               0.000 u_pll|altera_pll_i|general[0].gpll~PLL_OUTPUT_COUNTER|divclk 
Info (332114): Report Metastability: Found 2 synchronizer chains.
    Info (332114): Worst-Case MTBF of Design is 1e+09 years or 3.15e+16 seconds.
    Info (332114): Typical MTBF of Design is 1e+09 years or 3.15e+16 seconds.

    Info (332114): Number of Synchronizer Chains Found: 2
    Info (332114): Shortest Synchronizer Chain: 1 Registers
    Info (332114): Fraction of Chains for which MTBFs Could Not be Calculated: 0.000
    Info (332114): Worst Case Available Settling Time: 17.761 ns
    Info (332114): 
    Info (332114): Worst-Case MTBF values are calculated based on the worst-case silicon characteristics, with worst-case operating conditions.
    Info (332114):   - Under worst-case conditions, an increase of 100ps in available settling time will increase MTBF values by a factor of 8.0
    Info (332114): Typical MTBF values are calculated based on the nominal silicon characteristics, at nominal operating conditions.
    Info (332114):   - Under typical conditions, an increase of 100ps in available settling time will increase MTBF values by a factor of 17.8
Info: Analyzing Slow 1100mV -40C Model
Info (334003): Started post-fitting delay annotation
Info (334004): Delay annotation completed successfully
Info (332097): The following timing edges are non-unate.  The Timing Analyzer will assume pos-unate behavior for these edges in the clock network.
    Info (332098): Cell: u_pll|altera_pll_i|general[0].gpll~FRACTIONAL_PLL  from: refclkin  to: fbclk
    Info (332098): Cell: u_pll|altera_pll_i|general[0].gpll~PLL_OUTPUT_COUNTER  from: vco0ph[0]  to: divclk
    Info (332098): Cell: u_pll|altera_pll_i|general[0].gpll~PLL_REFCLK_SELECT  from: clkin[0]  to: clkout
Info (332123): Deriving Clock Uncertainty. Please refer to report_sdc in the Timing Analyzer to see clock uncertainties.
Info (332146): Worst-case setup slack is 13.756
    Info (332119):     Slack       End Point TNS Clock 
    Info (332119): ========= =================== =====================
    Info (332119):    13.756               0.000 clk_50m 
    Info (332119):    23.477               0.000 u_pll|altera_pll_i|general[0].gpll~PLL_OUTPUT_COUNTER|divclk 
Info (332146): Worst-case hold slack is 0.167
    Info (332119):     Slack       End Point TNS Clock 
    Info (332119): ========= =================== =====================
    Info (332119):     0.167               0.000 u_pll|altera_pll_i|general[0].gpll~PLL_OUTPUT_COUNTER|divclk 
    Info (332119):     0.345               0.000 clk_50m 
Info (332146): Worst-case recovery slack is 16.269
    Info (332119):     Slack       End Point TNS Clock 
    Info (332119): ========= =================== =====================
    Info (332119):    16.269               0.000 clk_50m 
    Info (332119):    36.575               0.000 u_pll|altera_pll_i|general[0].gpll~PLL_OUTPUT_COUNTER|divclk 
Info (332146): Worst-case removal slack is 0.697
    Info (332119):     Slack       End Point TNS Clock 
    Info (332119): ========= =================== =====================
    Info (332119):     0.697               0.000 clk_50m 
    Info (332119):     0.960               0.000 u_pll|altera_pll_i|general[0].gpll~PLL_OUTPUT_COUNTER|divclk 
Info (332146): Worst-case minimum pulse width slack is 1.241
    Info (332119):     Slack       End Point TNS Clock 
    Info (332119): ========= =================== =====================
    Info (332119):     1.241               0.000 u_pll|altera_pll_i|general[0].gpll~FRACTIONAL_PLL|vcoph[0] 
    Info (332119):     9.287               0.000 clk_50m 
    Info (332119):    19.046               0.000 u_pll|altera_pll_i|general[0].gpll~PLL_OUTPUT_COUNTER|divclk 
Info (332114): Report Metastability: Found 2 synchronizer chains.
    Info (332114): Worst-Case MTBF of Design is 1e+09 years or 3.15e+16 seconds.
    Info (332114): Typical MTBF of Design is 1e+09 years or 3.15e+16 seconds.

    Info (332114): Number of Synchronizer Chains Found: 2
    Info (332114): Shortest Synchronizer Chain: 1 Registers
    Info (332114): Fraction of Chains for which MTBFs Could Not be Calculated: 0.000
    Info (332114): Worst Case Available Settling Time: 17.823 ns
    Info (332114): 
    Info (332114): Worst-Case MTBF values are calculated based on the worst-case silicon characteristics, with worst-case operating conditions.
    Info (332114):   - Under worst-case conditions, an increase of 100ps in available settling time will increase MTBF values by a factor of 1.7
    Info (332114): Typical MTBF values are calculated based on the nominal silicon characteristics, at nominal operating conditions.
    Info (332114):   - Under typical conditions, an increase of 100ps in available settling time will increase MTBF values by a factor of 17.8
Info: Analyzing Fast 1100mV 100C Model
Info (334003): Started post-fitting delay annotation
Info (334004): Delay annotation completed successfully
Info (332097): The following timing edges are non-unate.  The Timing Analyzer will assume pos-unate behavior for these edges in the clock network.
    Info (332098): Cell: u_pll|altera_pll_i|general[0].gpll~FRACTIONAL_PLL  from: refclkin  to: fbclk
    Info (332098): Cell: u_pll|altera_pll_i|general[0].gpll~PLL_OUTPUT_COUNTER  from: vco0ph[0]  to: divclk
    Info (332098): Cell: u_pll|altera_pll_i|general[0].gpll~PLL_REFCLK_SELECT  from: clkin[0]  to: clkout
Info (332123): Deriving Clock Uncertainty. Please refer to report_sdc in the Timing Analyzer to see clock uncertainties.
Info (332146): Worst-case setup slack is 16.263
    Info (332119):     Slack       End Point TNS Clock 
    Info (332119): ========= =================== =====================
    Info (332119):    16.263               0.000 clk_50m 
    Info (332119):    31.881               0.000 u_pll|altera_pll_i|general[0].gpll~PLL_OUTPUT_COUNTER|divclk 
Info (332146): Worst-case hold slack is 0.102
    Info (332119):     Slack       End Point TNS Clock 
    Info (332119): ========= =================== =====================
    Info (332119):     0.102               0.000 u_pll|altera_pll_i|general[0].gpll~PLL_OUTPUT_COUNTER|divclk 
    Info (332119):     0.177               0.000 clk_50m 
Info (332146): Worst-case recovery slack is 17.461
    Info (332119):     Slack       End Point TNS Clock 
    Info (332119): ========= =================== =====================
    Info (332119):    17.461               0.000 clk_50m 
    Info (332119):    37.691               0.000 u_pll|altera_pll_i|general[0].gpll~PLL_OUTPUT_COUNTER|divclk 
Info (332146): Worst-case removal slack is 0.367
    Info (332119):     Slack       End Point TNS Clock 
    Info (332119): ========= =================== =====================
    Info (332119):     0.367               0.000 clk_50m 
    Info (332119):     0.548               0.000 u_pll|altera_pll_i|general[0].gpll~PLL_OUTPUT_COUNTER|divclk 
Info (332146): Worst-case minimum pulse width slack is 1.241
    Info (332119):     Slack       End Point TNS Clock 
    Info (332119): ========= =================== =====================
    Info (332119):     1.241               0.000 u_pll|altera_pll_i|general[0].gpll~FRACTIONAL_PLL|vcoph[0] 
    Info (332119):     9.105               0.000 clk_50m 
    Info (332119):    19.409               0.000 u_pll|altera_pll_i|general[0].gpll~PLL_OUTPUT_COUNTER|divclk 
Info (332114): Report Metastability: Found 2 synchronizer chains.
    Info (332114): Worst-Case MTBF of Design is 1e+09 years or 3.15e+16 seconds.
    Info (332114): Typical MTBF of Design is 1e+09 years or 3.15e+16 seconds.

    Info (332114): Number of Synchronizer Chains Found: 2
    Info (332114): Shortest Synchronizer Chain: 1 Registers
    Info (332114): Fraction of Chains for which MTBFs Could Not be Calculated: 0.000
    Info (332114): Worst Case Available Settling Time: 18.827 ns
    Info (332114): 
    Info (332114): Worst-Case MTBF values are calculated based on the worst-case silicon characteristics, with worst-case operating conditions.
    Info (332114):   - Under worst-case conditions, an increase of 100ps in available settling time will increase MTBF values by a factor of 8.0
    Info (332114): Typical MTBF values are calculated based on the nominal silicon characteristics, at nominal operating conditions.
    Info (332114):   - Under typical conditions, an increase of 100ps in available settling time will increase MTBF values by a factor of 17.8
Info: Analyzing Fast 1100mV -40C Model
Info (332097): The following timing edges are non-unate.  The Timing Analyzer will assume pos-unate behavior for these edges in the clock network.
    Info (332098): Cell: u_pll|altera_pll_i|general[0].gpll~FRACTIONAL_PLL  from: refclkin  to: fbclk
    Info (332098): Cell: u_pll|altera_pll_i|general[0].gpll~PLL_OUTPUT_COUNTER  from: vco0ph[0]  to: divclk
    Info (332098): Cell: u_pll|altera_pll_i|general[0].gpll~PLL_REFCLK_SELECT  from: clkin[0]  to: clkout
Info (332123): Deriving Clock Uncertainty. Please refer to report_sdc in the Timing Analyzer to see clock uncertainties.
Info (332146): Worst-case setup slack is 16.881
    Info (332119):     Slack       End Point TNS Clock 
    Info (332119): ========= =================== =====================
    Info (332119):    16.881               0.000 clk_50m 
    Info (332119):    32.811               0.000 u_pll|altera_pll_i|general[0].gpll~PLL_OUTPUT_COUNTER|divclk 
Info (332146): Worst-case hold slack is 0.080
    Info (332119):     Slack       End Point TNS Clock 
    Info (332119): ========= =================== =====================
    Info (332119):     0.080               0.000 u_pll|altera_pll_i|general[0].gpll~PLL_OUTPUT_COUNTER|divclk 
    Info (332119):     0.165               0.000 clk_50m 
Info (332146): Worst-case recovery slack is 17.941
    Info (332119):     Slack       End Point TNS Clock 
    Info (332119): ========= =================== =====================
    Info (332119):    17.941               0.000 clk_50m 
    Info (332119):    38.010               0.000 u_pll|altera_pll_i|general[0].gpll~PLL_OUTPUT_COUNTER|divclk 
Info (332146): Worst-case removal slack is 0.308
    Info (332119):     Slack       End Point TNS Clock 
    Info (332119): ========= =================== =====================
    Info (332119):     0.308               0.000 clk_50m 
    Info (332119):     0.454               0.000 u_pll|altera_pll_i|general[0].gpll~PLL_OUTPUT_COUNTER|divclk 
Info (332146): Worst-case minimum pulse width slack is 1.241
    Info (332119):     Slack       End Point TNS Clock 
    Info (332119): ========= =================== =====================
    Info (332119):     1.241               0.000 u_pll|altera_pll_i|general[0].gpll~FRACTIONAL_PLL|vcoph[0] 
    Info (332119):     9.047               0.000 clk_50m 
    Info (332119):    19.401               0.000 u_pll|altera_pll_i|general[0].gpll~PLL_OUTPUT_COUNTER|divclk 
Info (332114): Report Metastability: Found 2 synchronizer chains.
    Info (332114): Worst-Case MTBF of Design is 1e+09 years or 3.15e+16 seconds.
    Info (332114): Typical MTBF of Design is 1e+09 years or 3.15e+16 seconds.

    Info (332114): Number of Synchronizer Chains Found: 2
    Info (332114): Shortest Synchronizer Chain: 1 Registers
    Info (332114): Fraction of Chains for which MTBFs Could Not be Calculated: 0.000
    Info (332114): Worst Case Available Settling Time: 18.946 ns
    Info (332114): 
    Info (332114): Worst-Case MTBF values are calculated based on the worst-case silicon characteristics, with worst-case operating conditions.
    Info (332114):   - Under worst-case conditions, an increase of 100ps in available settling time will increase MTBF values by a factor of 1.7
    Info (332114): Typical MTBF values are calculated based on the nominal silicon characteristics, at nominal operating conditions.
    Info (332114):   - Under typical conditions, an increase of 100ps in available settling time will increase MTBF values by a factor of 17.8
Info (332102): Design is not fully constrained for setup requirements
Info (332102): Design is not fully constrained for hold requirements
Info: Quartus Prime Timing Analyzer was successful. 0 errors, 0 warnings
    Info: Peak virtual memory: 1273 megabytes
    Info: Processing ended: Tue Sep 29 18:35:57 2026
    Info: Elapsed time: 00:00:05
    Info: Total CPU time (on all processors): 00:00:14


